x,y,z,label
0.0203212,0.967453,0.252233,up
0.0199816,0.967489,0.252122,up
0.0197841,0.967518,0.252028,up
0.0193566,0.967567,0.251871,up
0.0192859,0.967549,0.251946,up
0.0188818,0.967555,0.251956,up
0.0184996,0.967576,0.251901,up
0.0180835,0.96759,0.251878,up
0.0183407,0.967466,0.252337,up
0.0184536,0.967422,0.252497,up
0.0187303,0.96736,0.252715,up
0.0181932,0.967435,0.252464,up
0.0186976,0.967345,0.252774,up
0.018946,0.967298,0.252934,up
0.0191283,0.967269,0.253031,up
0.0191857,0.967252,0.253092,up
0.0192263,0.967231,0.253168,up
0.0191099,0.967222,0.253214,up
0.0191096,0.96718,0.253371,up
0.0188105,0.967175,0.253414,up
0.0186578,0.967141,0.253554,up
0.0183588,0.967177,0.25344,up
0.0180381,0.967194,0.253397,up
0.0175934,0.967229,0.253296,up
0.0171962,0.96722,0.253358,up
0.017015,0.967172,0.253554,up
0.0168442,0.967112,0.253793,up
0.0166641,0.967063,0.253992,up
0.0165838,0.967036,0.2541,up
0.016645,0.966994,0.254254,up
0.0165363,0.967001,0.254237,up
0.016568,0.967032,0.254116,up
0.0165685,0.967087,0.253906,up
0.0167194,0.967117,0.253781,up
0.0168776,0.967162,0.2536,up
0.0169177,0.967231,0.253335,up
0.016945,0.967294,0.253093,up
0.0171031,0.967339,0.252907,up
0.0174057,0.967384,0.252717,up
0.0176326,0.967383,0.252703,up
0.0177618,0.967306,0.252991,up
0.0183368,0.967116,0.253672,up
0.0217073,0.966922,0.254146,up
0.0228656,0.967067,0.253492,up
0.0236604,0.967255,0.2527,up
0.0239938,0.967391,0.25215,up
0.0241767,0.967495,0.251732,up
0.0241932,0.967589,0.251368,up
0.0241425,0.967662,0.251094,up
0.0239794,0.96773,0.250847,up
0.0237606,0.967794,0.25062,up
0.023545,0.967854,0.250409,up
0.0237009,0.967861,0.250366,up
0.0238257,0.96787,0.250319,up
0.0240788,0.967911,0.250139,up
0.0242843,0.967974,0.249872,up
0.0248851,0.968004,0.249697,up
0.0253917,0.96805,0.249467,up
0.0257347,0.968111,0.249196,up
0.0258828,0.96818,0.248913,up
0.0261321,0.968241,0.248649,up
0.0262662,0.968312,0.24836,up
0.0263873,0.968372,0.248113,up
0.0264848,0.968416,0.24793,up
0.0265034,0.968471,0.247713,up
0.0264888,0.96852,0.247523,up
0.0265209,0.968544,0.247426,up
0.0265891,0.968597,0.24721,up
0.0266855,0.968665,0.246933,up
0.0267058,0.968754,0.246581,up
0.0265895,0.968873,0.246126,up
0.0263777,0.969007,0.245622,up
0.0260847,0.969162,0.245039,up
0.0257431,0.969282,0.244601,up
0.0254215,0.969373,0.244273,up
0.0253317,0.969414,0.244119,up
0.0251608,0.969464,0.24394,up
0.0250752,0.969496,0.243821,up
0.0250339,0.96953,0.243689,up
0.0250068,0.969548,0.24362,up
0.0249764,0.969581,0.243495,up
0.0249065,0.969601,0.24342,up
0.0248805,0.969621,0.243342,up
0.0248217,0.969645,0.243253,up
0.0247359,0.969676,0.243138,up
0.0246511,0.96971,0.243012,up
0.0245937,0.969748,0.242866,up
0.024607,0.969776,0.242753,up
0.0245108,0.969801,0.242662,up
0.024454,0.969825,0.242572,up
0.0244819,0.969839,0.242514,up
0.0245559,0.969842,0.242495,up
0.0263269,0.969743,0.242703,up
0.0264741,0.969765,0.242602,up
0.0268763,0.969834,0.242279,up
0.0270111,0.969865,0.242139,up
0.0272532,0.969906,0.241948,up
0.0274939,0.969951,0.241742,up
0.0276137,0.970005,0.241511,up
0.0276556,0.970092,0.241157,up
0.0277156,0.970159,0.240879,up
0.0277095,0.970212,0.240669,up
0.027609,0.970253,0.240516,up
0.0272237,0.970285,0.24043,up
0.0271064,0.970295,0.240403,up
0.027026,0.97028,0.240471,up
0.0270389,0.970233,0.240658,up
0.0270299,0.97021,0.240751,up
0.0267481,0.970248,0.240632,up
0.0279937,0.970077,0.241178,up
0.0278681,0.969809,0.242269,up
0.0276262,0.969683,0.242802,up
0.0274012,0.969613,0.243105,up
0.0274584,0.969464,0.24369,up
0.0281144,0.968789,0.246287,up
0.0284805,0.968195,0.24857,up
0.0289414,0.967892,0.249696,up
0.0290844,0.967876,0.249739,up
0.0290765,0.96793,0.24953,up
0.028924,0.96802,0.2492,up
0.0289565,0.968092,0.248916,up
0.0289017,0.968067,0.24902,up
0.0288768,0.968037,0.249138,up
0.028737,0.968008,0.24927,up
0.0286289,0.967959,0.24947,up
0.02876,0.967749,0.250268,up
0.0295054,0.967346,0.251738,up
0.0294103,0.967,0.253074,up
0.0294936,0.966842,0.253666,up
0.029577,0.966627,0.254473,up
0.0296298,0.966601,0.254569,up
0.02973,0.966487,0.254987,up
0.0300195,0.966348,0.25548,up
0.0303214,0.966208,0.255976,up
0.0306159,0.966124,0.256256,up
0.0307314,0.966135,0.2562,up
0.0308466,0.966157,0.256105,up
0.0307269,0.966165,0.256086,up
0.0309378,0.966022,0.256602,up
0.0307228,0.965935,0.256953,up
0.0305111,0.965961,0.256881,up
0.0303342,0.966002,0.256749,up
0.0300957,0.966062,0.256552,up
0.0300172,0.96607,0.25653,up
0.0294825,0.966125,0.256383,up
0.0290871,0.966198,0.256156,up
0.0285637,0.966292,0.25586,up
0.0281056,0.966418,0.255432,up
0.0279359,0.966418,0.255452,up
0.0278632,0.966463,0.255291,up
0.0276099,0.966603,0.254787,up
0.0273091,0.966487,0.255259,up
0.0266471,0.965883,0.257605,up
0.0265882,0.965701,0.258294,up
0.027139,0.965614,0.258558,up
0.0276518,0.965674,0.25828,up
0.0277706,0.965753,0.257973,up
0.0277392,0.965962,0.257193,up
0.0285165,0.965981,0.257038,up
0.0286857,0.966006,0.256925,up
0.0288812,0.966016,0.256862,up
0.0289765,0.966035,0.256781,up
0.0290187,0.96607,0.256644,up
0.029102,0.966168,0.256268,up
0.0293621,0.966282,0.255806,up
0.0295745,0.96647,0.255072,up
0.0297897,0.966559,0.254709,up
0.0298651,0.966533,0.254797,up
0.0299436,0.9665,0.254912,up
0.0300966,0.966434,0.255147,up
0.0303355,0.966317,0.255559,up
0.0305894,0.966178,0.256056,up
0.0308451,0.966069,0.256436,up
0.030986,0.965988,0.256724,up
0.0308839,0.965936,0.256932,up
0.0308364,0.965906,0.257049,up
0.030822,0.965917,0.257009,up
0.0307804,0.965948,0.256898,up
0.0307342,0.966,0.256708,up
0.0306268,0.966084,0.256404,up
0.0301835,0.966229,0.255911,up
0.0301553,0.966302,0.255637,up
0.0295672,0.966452,0.255141,up
0.028762,0.966763,0.254052,up
0.0285226,0.967228,0.252304,up
0.0302618,0.967634,0.250536,up
0.0316672,0.968342,0.247609,up
0.0337912,0.968937,0.244986,up
0.0360756,0.969623,0.241931,up
0.0361262,0.970484,0.238446,up
0.0350488,0.97129,0.235303,up
0.0351497,0.971641,0.233833,up
0.0370361,0.971888,0.232512,up
0.0361203,0.972745,0.229045,up
0.0360161,0.973097,0.227563,up
0.0371043,0.9734,0.226089,up
0.0360024,0.974044,0.223479,up
0.0336863,0.974618,0.221325,up
0.0326813,0.975005,0.219766,up
0.0317963,0.975325,0.218471,up
0.0319055,0.975596,0.217244,up
0.0314345,0.975755,0.216598,up
0.0305718,0.975956,0.215812,up
0.0300119,0.976126,0.215121,up
0.0292299,0.976229,0.214764,up
0.0284363,0.976237,0.214834,up
0.0279059,0.976175,0.215182,up
0.0277278,0.976134,0.215392,up
0.0277278,0.976134,0.215392,up
0.0272364,0.976062,0.215779,up
0.0269534,0.975952,0.216312,up
0.0276182,0.97575,0.217138,up
0.0279726,0.975634,0.217615,up
0.0271265,0.975641,0.21769,up
0.026154,0.97567,0.21768,up
0.0248911,0.975708,0.217655,up
0.0237163,0.975697,0.217838,up
0.0227642,0.975625,0.218262,up
0.0213254,0.975595,0.218539,up
0.0208582,0.975562,0.218732,up
0.0201938,0.975484,0.21914,up
0.0196108,0.975401,0.219563,up
0.019049,0.975323,0.219961,up
0.0186924,0.975247,0.220327,up
0.0182598,0.97513,0.22088,up
0.0175384,0.975001,0.221507,up
0.0169764,0.974921,0.221903,up
0.0163529,0.974895,0.222064,up
0.0155751,0.974883,0.222174,up
0.0141764,0.974829,0.222501,up
0.0126474,0.974683,0.223232,up
0.0115498,0.974446,0.224326,up
0.0109902,0.974298,0.224997,up
0.0100473,0.974047,0.226124,up
0.00907303,0.973771,0.227351,up
0.0081231,0.973515,0.228477,up
0.00766342,0.973191,0.22987,up
0.00751454,0.972891,0.231141,up
0.00706155,0.972717,0.231888,up
0.00647568,0.972558,0.232572,up
0.00665608,0.972327,0.233529,up
0.00718522,0.972088,0.234508,up
0.00711018,0.971954,0.235065,up
0.00763198,0.971804,0.235666,up
0.00811634,0.971731,0.23595,up
0.00890532,0.971628,0.236348,up
0.00914649,0.971587,0.236507,up
0.00994272,0.971512,0.236781,up
0.0103145,0.971549,0.236612,up
0.0104882,0.97159,0.236436,up
0.0106825,0.971606,0.236365,up
0.0110039,0.971511,0.236738,up
0.0110668,0.971492,0.236812,up
0.0111537,0.971433,0.237054,up
0.0120863,0.97124,0.237795,up
0.0133209,0.971011,0.238663,up
0.0136076,0.970935,0.238956,up
0.0141484,0.970716,0.239813,up
0.0142171,0.970519,0.240606,up
0.0145001,0.970268,0.241598,up
0.0144206,0.970082,0.242349,up
0.0139306,0.969903,0.243093,up
0.0131046,0.969738,0.243795,up
0.0122546,0.969525,0.244685,up
0.0112415,0.969306,0.2456,up
-0.077463,-0.994593,0.0691732,down
-0.077843,-0.994567,0.0691215,down
-0.0783751,-0.994542,0.0688772,down
-0.0790384,-0.994524,0.0683683,down
-0.0795161,-0.994516,0.067928,down
-0.0799067,-0.994514,0.0675055,down
-0.0803053,-0.994523,0.066902,down
-0.0808502,-0.994533,0.066082,down
-0.0815085,-0.994527,0.0653596,down
-0.0821747,-0.994501,0.0649279,down
-0.0827392,-0.994474,0.0646182,down
-0.0829298,-0.994464,0.0645273,down
-0.0833574,-0.994434,0.0644331,down
-0.0838673,-0.994373,0.0647154,down
-0.0845774,-0.994226,0.0660343,down
-0.0852114,-0.994096,0.0671773,down
-0.0860761,-0.994051,0.0667392,down
-0.0869134,-0.993992,0.0665327,down
-0.0875713,-0.993928,0.0666168,down
-0.0882092,-0.993869,0.0666592,down
-0.0889366,-0.993818,0.0664592,down
-0.0897965,-0.993776,0.0659166,down
-0.0908869,-0.993737,0.065016,down
-0.0916203,-0.993704,0.0644803,down
-0.0919324,-0.993687,0.0643052,down
-0.0924078,-0.993658,0.0640741,down
-0.0928358,-0.993646,0.0636398,down
-0.0931542,-0.993648,0.0631284,down
-0.0936232,-0.99365,0.0624098,down
-0.0940481,-0.993658,0.0616359,down
-0.0944114,-0.993685,0.0606268,down
-0.0946482,-0.993684,0.0602876,down
-0.0948739,-0.993671,0.0601383,down
-0.0952029,-0.993644,0.0600726,down
-0.0959138,-0.99353,0.0608132,down
-0.0967026,-0.993465,0.0606281,down
-0.0974178,-0.99341,0.0603865,down
-0.0977835,-0.993381,0.0602699,down
-0.0979067,-0.993361,0.0603968,down
-0.0978891,-0.993333,0.060886,down
-0.0978649,-0.993327,0.0610265,down
-0.0979336,-0.993308,0.061228,down
-0.0980487,-0.99329,0.0613344,down
-0.0982112,-0.993261,0.0615347,down
-0.0983204,-0.993239,0.0617163,down
-0.0985114,-0.993226,0.0616216,down
-0.0987728,-0.993204,0.0615533,down
-0.0991865,-0.993178,0.061314,down
-0.099684,-0.993153,0.0609093,down
-0.099928,-0.993153,0.0605035,down
-0.10011,-0.993166,0.0599916,down
-0.100138,-0.993183,0.0596578,down
-0.100298,-0.993223,0.0587179,down
-0.100319,-0.993283,0.0576623,down
-0.100506,-0.993355,0.056068,down
-0.100854,-0.993422,0.05424,down
-0.101239,-0.993467,0.0526644,down
-0.101513,-0.993506,0.0513883,down
-0.101602,-0.993551,0.0503423,down
-0.101598,-0.993603,0.0492986,down
-0.101598,-0.993603,0.0492986,down
-0.101578,-0.993654,0.0482993,down
-0.101562,-0.993693,0.0475266,down
-0.101536,-0.993713,0.0471624,down
-0.101421,-0.99376,0.0464136,down
-0.101279,-0.993817,0.0455058,down
-0.101124,-0.993877,0.0445199,down
-0.101021,-0.993917,0.0438501,down
-0.100829,-0.993962,0.0432866,down
-0.100197,-0.994024,0.0433243,down
-0.0990769,-0.99411,0.0439125,down
-0.0973732,-0.994252,0.0445201,down
-0.0950307,-0.994411,0.0460009,down
-0.0932373,-0.994534,0.0469983,down
-0.091762,-0.99457,0.0491012,down
-0.0908697,-0.994581,0.0505032,down
-0.0902559,-0.994582,0.0515782,down
-0.0894236,-0.994562,0.0533809,down
-0.0890414,-0.994539,0.0544406,down
-0.0890707,-0.994442,0.0561365,down
-0.0893257,-0.994331,0.0576708,down
-0.0899772,-0.994186,0.0591472,down
-0.0906859,-0.994066,0.0600768,down
-0.0912436,-0.993977,0.0606978,down
-0.0914683,-0.993933,0.0610745,down
-0.0916007,-0.993891,0.0615603,down
-0.0914653,-0.993876,0.0620104,down
-0.0912307,-0.99388,0.0622814,down
-0.0906079,-0.993856,0.0635595,down
-0.0902972,-0.993827,0.0644526,down
-0.0899553,-0.993801,0.0653303,down
-0.0894771,-0.993835,0.0654606,down
-0.0889599,-0.993889,0.0653446,down
-0.0883716,-0.993959,0.065078,down
-0.0879505,-0.994036,0.0644784,down
-0.0877676,-0.994079,0.0640611,down
-0.0877355,-0.994092,0.0639089,down
-0.0876822,-0.994112,0.0636584,down
-0.0877388,-0.994139,0.0631661,down
-0.0880921,-0.994143,0.0626089,down
-0.0883592,-0.994138,0.0623008,down
-0.0893065,-0.994103,0.0615028,down
-0.0896845,-0.994088,0.0612106,down
-0.0903321,-0.994072,0.060511,down
-0.0908913,-0.994066,0.0597707,down
-0.0914658,-0.994057,0.0590383,down
-0.0920679,-0.994048,0.0582474,down
-0.0927177,-0.994042,0.0573111,down
-0.0932209,-0.994048,0.0563781,down
-0.0936219,-0.994052,0.0556466,down
-0.0939042,-0.994056,0.0550947,down
-0.0941372,-0.994065,0.0545335,down
-0.0943462,-0.994079,0.0539059,down
-0.0945988,-0.994103,0.0530204,down
-0.0948124,-0.994121,0.0522877,down
-0.095199,-0.994158,0.0508542,down
-0.0956599,-0.994211,0.0489337,down
-0.0963486,-0.994241,0.0469273,down
-0.0968004,-0.994289,0.0449251,down
-0.0971364,-0.994343,0.0429795,down
-0.0974076,-0.994417,0.040567,down
-0.0978852,-0.994425,0.0392209,down
-0.098388,-0.994426,0.0378922,down
-0.0989783,-0.994465,0.0352462,down
-0.0991692,-0.994527,0.0328883,down
-0.0990294,-0.994591,0.0313486,down
-0.0990294,-0.994591,0.0313486,down
-0.0995741,-0.994501,0.0324586,down
-0.0997933,-0.99449,0.0320971,down
-0.100053,-0.994488,0.0313534,down
-0.100085,-0.994526,0.0300217,down
-0.0998019,-0.994599,0.0285136,down
-0.0991482,-0.994714,0.0267175,down
-0.0982461,-0.994834,0.0255606,down
-0.097355,-0.994943,0.0247212,down
-0.0965472,-0.995034,0.0241878,down
-0.0957359,-0.995125,0.0236886,down
-0.0949709,-0.995209,0.0232285,down
-0.0943014,-0.995281,0.0228863,down
-0.0939589,-0.995317,0.0227279,down
-0.0933717,-0.995379,0.0224196,down
-0.0928739,-0.995431,0.0221503,down
-0.0924779,-0.995472,0.0219684,down
-0.0921527,-0.995502,0.021991,down
-0.0919491,-0.99552,0.0220473,down
-0.0917568,-0.995536,0.0221224,down
-0.0916261,-0.995547,0.0221686,down
-0.0914709,-0.995561,0.0221604,down
-0.0913069,-0.995577,0.022119,down
-0.0911439,-0.995594,0.0220249,down
-0.0910082,-0.995609,0.021903,down
-0.0909108,-0.995622,0.0217482,down
-0.0908343,-0.995632,0.0215909,down
-0.0908537,-0.995632,0.021494,down
-0.0908537,-0.995636,0.021324,down
-0.0908247,-0.995641,0.021199,down
-0.0907763,-0.99565,0.021014,down
-0.0906962,-0.995662,0.0207858,down
-0.0907053,-0.99566,0.020803,down
-0.0908576,-0.995643,0.020986,down
-0.0912153,-0.995606,0.0211912,down
-0.0916596,-0.995563,0.0212767,down
-0.0921197,-0.995523,0.0211474,down
-0.0925654,-0.995487,0.0209221,down
-0.0931446,-0.995438,0.0206838,down
-0.0934108,-0.995416,0.0205074,down
-0.0937277,-0.99538,0.0208187,down
-0.0939435,-0.995345,0.0214935,down
-0.0944987,-0.995272,0.0224261,down
-0.0950834,-0.9952,0.023176,down
-0.0953315,-0.995164,0.0236766,down
-0.0955576,-0.995151,0.0233138,down
-0.0954923,-0.995175,0.0225224,down
-0.0955706,-0.995183,0.0218328,down
-0.0955492,-0.995198,0.021229,down
-0.0953704,-0.995224,0.0208269,down
-0.0952958,-0.995236,0.0206018,down
-0.0951074,-0.995273,0.019659,down
-0.0952568,-0.995269,0.019141,down
-0.0953457,-0.995279,0.0181345,down
-0.0954561,-0.995289,0.0169592,down
-0.0955188,-0.995301,0.0158928,down
-0.095253,-0.995349,0.0143684,down
-0.0953915,-0.99536,0.0126407,down
-0.0955267,-0.995368,0.0107873,down
-0.0951538,-0.99541,0.0102139,down
-0.0945169,-0.995472,0.0100513,down
-0.0938893,-0.995534,0.00982698,down
-0.0932861,-0.995593,0.00956937,down
-0.0926804,-0.99565,0.0095387,down
-0.0925037,-0.995666,0.00961621,down
-0.0923429,-0.995679,0.00977934,down
-0.092198,-0.995691,0.00998867,down
-0.0920582,-0.995702,0.0101849,down
-0.0920513,-0.995697,0.0106731,down
-0.0920091,-0.995693,0.0113866,down
-0.0915874,-0.995723,0.0121113,down
-0.0915283,-0.995724,0.0125152,down
-0.0918608,-0.99569,0.0127791,down
-0.092534,-0.995597,0.0149667,down
-0.0932162,-0.995431,0.0207036,down
-0.0940406,-0.995214,0.0265644,down
-0.0944795,-0.995116,0.028608,down
-0.0954584,-0.99494,0.0313323,down
-0.096474,-0.994728,0.0347638,down
-0.0972509,-0.994533,0.0380358,down
-0.0980246,-0.994347,0.0408056,down
-0.0987314,-0.994162,0.0435252,down
-0.0999493,-0.99381,0.0484921,down
-0.101425,-0.993407,0.0534303,down
-0.101982,-0.993233,0.0555735,down
-0.102782,-0.993095,0.0565447,down
-0.103825,-0.992963,0.0569664,down
-0.105263,-0.992817,0.0568635,down
-0.106616,-0.992688,0.0566056,down
-0.107934,-0.99256,0.0563412,down
-0.108654,-0.992491,0.0561796,down
-0.110135,-0.992357,0.0556536,down
-0.111589,-0.992133,0.0567429,down
-0.113467,-0.991883,0.0573814,down
-0.114905,-0.991691,0.0578462,down
-0.115842,-0.991571,0.0580355,down
-0.116524,-0.991479,0.0582448,down
-0.116935,-0.991408,0.0586179,down
-0.117158,-0.99136,0.0589921,down
-0.117212,-0.991326,0.0594507,down
-0.11715,-0.991296,0.0600719,down
-0.116999,-0.991272,0.0607508,down
-0.116874,-0.991252,0.0613143,down
-0.116884,-0.991234,0.0615872,down
-0.116993,-0.991185,0.0621753,down
-0.117069,-0.991134,0.0628355,down
-0.117143,-0.991079,0.0635544,down
-0.117135,-0.991042,0.0641534,down
-0.117187,-0.991023,0.0643464,down
-0.11721,-0.991029,0.0642103,down
-0.117382,-0.991037,0.0637734,down
-0.117302,-0.991069,0.0634181,down
-0.1171,-0.9911,0.0633141,down
-0.116817,-0.991134,0.0633089,down
-0.116545,-0.991159,0.0634064,down
-0.998941,0.021614,0.0406202,left
-0.998868,0.0225547,0.0418841,left
-0.998777,0.0240397,0.0432002,left
-0.998762,0.0237794,0.0436822,left
-0.998762,0.0233157,0.0439443,left
-0.998763,0.0226746,0.0442447,left
-0.998764,0.0220769,0.0445246,left
-0.998752,0.0196116,0.0459294,left
-0.998746,0.0166874,0.0472117,left
-0.998714,0.0120731,0.0492331,left
-0.998674,0.00860936,0.0507489,left
-0.998633,0.00591043,0.0519289,left
-0.998594,0.00376293,0.0528673,left
-0.998523,0.00127518,0.0543183,left
-0.99841,-0.00216652,0.0563244,left
-0.998231,-0.00692967,0.0590425,left
-0.997896,-0.0124168,0.0636417,left
-0.997578,-0.0167991,0.0674914,left
-0.997445,-0.0165781,0.0694901,left
-0.997367,-0.0157715,0.0707873,left
-0.99731,-0.0148161,0.0717882,left
-0.997289,-0.0142353,0.072196,left
-0.997299,-0.0104377,0.072707,left
-0.997369,-0.00205755,0.0724606,left
-0.997422,0.0062124,0.0714899,left
-0.997441,0.0144063,0.0700236,left
-0.997382,0.0140078,0.0709498,left
-0.997303,0.0144722,0.0719479,left
-0.997215,0.0176425,0.0724664,left
-0.997214,0.0165931,0.0727182,left
-0.997236,0.0163258,0.0724803,left
-0.997214,0.014241,0.0732196,left
-0.997339,0.0137116,0.0716088,left
-0.99746,0.0132218,0.0699842,left
-0.997528,0.0130108,0.069057,left
-0.997599,0.0129827,0.0680285,left
-0.997698,0.0126522,0.0666182,left
-0.997816,0.0105524,0.065208,left
-0.997898,0.00890873,0.0641826,left
-0.998038,0.00487572,0.0624176,left
-0.998041,0.00626991,0.0622466,left
-0.998019,0.00796103,0.0624003,left
-0.998044,0.00904677,0.0618612,left
-0.998158,0.00997481,0.0598502,left
-0.998266,0.00843081,0.0582533,left
-0.998372,0.0119415,0.0557671,left
-0.998274,0.0179354,0.0559266,left
-0.998258,0.0191095,0.0558133,left
-0.998236,0.0206644,0.0556631,left
-0.998204,0.022062,0.0557024,left
-0.99822,0.0212858,0.0557168,left
-0.998275,0.0169799,0.0562074,left
-0.998296,0.0121886,0.057066,left
-0.998297,0.00882846,0.0576673,left
-0.998176,0.00000553997,0.0603711,left
-0.997963,-0.00815518,0.0632674,left
-0.997781,-0.0135026,0.0652016,left
-0.997618,-0.0167843,0.0669042,left
-0.997503,-0.0199264,0.0677534,left
-0.997456,-0.0216686,0.0679123,left
-0.997404,-0.0238406,0.0679493,left
-0.995271,0.0696571,0.0677087,left
-0.997645,0.0344595,0.0592987,left
-0.99845,0.0143656,0.0537615,left
-0.998682,0.0056444,0.0510159,left
-0.998856,-0.00518233,0.0475359,left
-0.99888,-0.0186023,0.0435049,left
-0.998621,-0.0343463,0.0397057,left
-0.998391,-0.0421439,0.0379466,left
-0.998379,-0.043482,0.0367369,left
-0.998394,-0.0442729,0.0353382,left
-0.998446,-0.0435058,0.0348171,left
-0.998371,-0.0427965,0.0377209,left
-0.998294,-0.0431237,0.0393658,left
-0.998082,-0.0438077,0.0437417,left
-0.997857,-0.04508,0.0474304,left
-0.997609,-0.0468195,0.0508365,left
-0.997437,-0.0465319,0.0543597,left
-0.997737,-0.0397441,0.054233,left
-0.998407,-0.0180204,0.0534753,left
-0.998422,-0.00680007,0.0557486,left
-0.99851,0.00600364,0.0542462,left
-0.998164,0.0107126,0.059622,left
-0.998053,0.0250383,0.0571225,left
-0.997874,0.0373492,0.0534119,left
-0.997743,0.0430314,0.0515575,left
-0.997035,0.0603077,0.0478,left
-0.995649,0.0840636,0.0402143,left
-0.995029,0.0920818,0.0379254,left
-0.994173,0.101869,0.0352566,left
-0.991105,0.129757,0.0295742,left
-0.988769,0.146798,0.0280442,left
-0.987634,0.154558,0.0262656,left
-0.986817,0.160027,0.0241407,left
-0.986357,0.163067,0.0225618,left
-0.986208,0.163998,0.0223312,left
-0.985504,0.168342,0.0210612,left
-0.984827,0.172276,0.0208962,left
-0.982324,0.186083,0.0203095,left
-0.979978,0.197806,0.0227033,left
-0.978836,0.203176,0.0244879,left
-0.978437,0.204589,0.0283574,left
-0.977307,0.209335,0.0323983,left
-0.976064,0.214713,0.0345932,left
-0.975063,0.219016,0.0358275,left
-0.974432,0.221566,0.0372952,left
-0.974228,0.222273,0.0384104,left
-0.974357,0.221541,0.0393444,left
-0.974819,0.219315,0.0403655,left
-0.975679,0.215331,0.0410354,left
-0.977549,0.207188,0.038355,left
-0.978611,0.202304,0.0373318,left
-0.980837,0.191583,0.0354197,left
-0.984893,0.169905,0.0334287,left
-0.989976,0.134578,0.0428487,left
-0.991974,0.117232,0.0473681,left
-0.993447,0.102667,0.0502311,left
-0.995075,0.0853784,0.0503649,left
-0.996711,0.0643342,0.0492789,left
-0.997347,0.0507444,0.0521913,left
-0.997638,0.0417662,0.0545282,left
-0.997826,0.0368727,0.0546153,left
-0.997891,0.0334443,0.0556384,left
-0.997958,0.0324957,0.0549935,left
-0.997966,0.0323412,0.0549281,left
-0.998006,0.0320505,0.054375,left
-0.99818,0.0293778,0.0526717,left
-0.998461,0.0228418,0.050526,left
-0.998611,0.0240169,0.0468944,left
-0.998867,0.0192322,0.0435199,left
-0.999259,0.00813414,0.0376093,left
-0.999373,0.00394327,0.0351883,left
-0.999467,0.0017742,0.0325956,left
-0.999538,0.000923864,0.0303814,left
-0.999592,-0.000420708,0.0285476,left
-0.999623,-0.0011977,0.0274481,left
-0.999675,-0.00326721,0.0252853,left
-0.999735,-0.00524134,0.0224216,left
-0.999792,-0.00731974,0.0190302,left
-0.999834,-0.00941603,0.0155722,left
-0.99985,-0.0117961,0.0126447,left
-0.999846,-0.0145465,0.00978027,left
-0.999827,-0.0171585,0.00721456,left
-0.999786,-0.0201916,0.00450297,left
-0.999696,-0.0246475,0.0011115,left
-0.999526,-0.0305434,-0.00388744,left
-0.999318,-0.0359268,-0.00855317,left
-0.999081,-0.0408144,-0.0130716,left
-0.998878,-0.0447212,-0.0156029,left
-0.998499,-0.0510812,-0.0197829,left
-0.99815,-0.056025,-0.0236031,left
-0.995204,-0.0878046,-0.0431176,left
-0.990814,-0.118139,-0.0658161,left
-0.988964,-0.129592,-0.071801,left
-0.987845,-0.135665,-0.0758766,left
-0.986878,-0.141005,-0.0786753,left
-0.986138,-0.144958,-0.0807438,left
-0.985532,-0.148978,-0.0808213,left
-0.984185,-0.158852,-0.0783921,left
-0.983696,-0.162224,-0.0776248,left
-0.98361,-0.162608,-0.0779102,left
-0.983473,-0.163219,-0.0783645,left
-0.983473,-0.163219,-0.0783645,left
-0.983355,-0.163739,-0.078751,left
-0.983261,-0.164156,-0.0790597,left
-0.983068,-0.165085,-0.0795236,left
-0.982803,-0.166386,-0.0800926,left
-0.982133,-0.16968,-0.0813837,left
-0.98139,-0.173366,-0.0825749,left
-0.98279,-0.168123,-0.0765447,left
-0.985295,-0.155732,-0.0702909,left
-0.987391,-0.144306,-0.0650748,left
-0.988858,-0.135571,-0.0614854,left
-0.99001,-0.128255,-0.0585666,left
-0.990485,-0.125161,-0.0572196,left
-0.991341,-0.119378,-0.0546946,left
-0.992021,-0.114778,-0.0521542,left
-0.992499,-0.111829,-0.0493932,left
-0.992924,-0.109546,-0.0458454,left
-0.993296,-0.107166,-0.0433367,left
-0.993647,-0.104935,-0.0406723,left
-0.993952,-0.1031,-0.0378026,left
-0.994151,-0.102277,-0.0346829,left
-0.994191,-0.102869,-0.0316533,left
-0.994234,-0.103258,-0.0289364,left
-0.993967,-0.106787,-0.0250166,left
-0.993812,-0.108623,-0.0232142,left
-0.997241,-0.0719969,-0.0180864,left
-0.999418,-0.0312328,-0.0137001,left
-0.999837,-0.0142618,-0.0110818,left
-0.99993,-0.00772872,-0.0089083,left
-0.999983,-0.000698695,-0.00579746,left
-0.999949,0.00951195,-0.00338166,left
-0.999786,0.0206855,0.000261528,left
-0.999779,0.0208354,0.00289696,left
-0.999771,0.0209304,0.00454237,left
-0.999825,0.017495,0.00668965,left
-0.999837,0.0154187,0.00944639,left
-0.999824,0.0141247,0.0123665,left
-0.99981,0.0137975,0.013746,left
-0.999768,0.0131577,0.0170243,left
-0.999732,0.0131364,0.0190544,left
-0.999699,0.0132914,0.0206123,left
-0.999672,0.00890236,0.0240277,left
-0.999658,0.000279503,0.026141,left
-0.999646,-0.00234263,0.0265048,left
-0.999623,-0.00602005,0.0267958,left
-0.999615,-0.00789572,0.02658,left
-0.999603,-0.00890368,0.0267445,left
-0.999583,-0.0098013,0.0271749,left
-0.999568,-0.01055,0.0274236,left
-0.999562,-0.0108909,0.0275095,left
-0.999555,-0.0111681,0.0276651,left
-0.999555,-0.0112447,0.0276208,left
-0.999554,-0.0113349,0.027639,left
-0.999562,-0.010676,0.0275877,left
-0.999575,-0.00926435,0.0276461,left
-0.999578,-0.00895375,0.0276327,left
-0.999576,-0.00900929,0.0276722,left
-0.99958,-0.00917911,0.0274979,left
-0.999582,-0.00932359,0.0273496,left
-0.999581,-0.00939649,0.0273753,left
0.853036,-0.260521,0.452171,right
0.852356,-0.255165,0.456487,right
0.851995,-0.252541,0.458614,right
0.851771,-0.250968,0.459893,right
0.852226,-0.247808,0.460763,right
0.853042,-0.243893,0.461341,right
0.854456,-0.238226,0.461685,right
0.857371,-0.227985,0.461453,right
0.859257,-0.221412,0.461145,right
0.866642,-0.207323,0.453817,right
0.873769,-0.197627,0.444378,right
0.878757,-0.189475,0.438047,right
0.882703,-0.183555,0.4326,right
0.886413,-0.178007,0.427301,right
0.889625,-0.173542,0.422434,right
0.889638,-0.176898,0.421012,right
0.887654,-0.181718,0.423142,right
0.887101,-0.182559,0.423939,right
0.88915,-0.17629,0.422297,right
0.890183,-0.173537,0.42126,right
0.890649,-0.163562,0.424255,right
0.893505,-0.162808,0.418501,right
0.896322,-0.161815,0.412823,right
0.901063,-0.151137,0.4065,right
0.905976,-0.142458,0.398638,right
0.909593,-0.134743,0.393046,right
0.914303,-0.127184,0.384545,right
0.918236,-0.120514,0.377252,right
0.921197,-0.114979,0.37172,right
0.924155,-0.109425,0.366011,right
0.925974,-0.104057,0.362966,right
0.928362,-0.100148,0.357932,right
0.9304,-0.0950607,0.354006,right
0.931887,-0.0905802,0.351256,right
0.931887,-0.0905802,0.351256,right
0.932566,-0.0865849,0.350463,right
0.933496,-0.0846201,0.34846,right
0.934494,-0.0830314,0.346161,right
0.935026,-0.0820436,0.344957,right
0.934745,-0.0818699,0.34576,right
0.934612,-0.0816722,0.346164,right
0.934963,-0.0838448,0.344695,right
0.934921,-0.0858215,0.344321,right
0.933732,-0.0889863,0.346736,right
0.933158,-0.090233,0.347957,right
0.932538,-0.0916202,0.349254,right
0.931778,-0.0959538,0.350117,right
0.931405,-0.098674,0.350354,right
0.93127,-0.0997573,0.350406,right
0.931113,-0.10021,0.350695,right
0.931035,-0.100415,0.350843,right
0.931223,-0.100913,0.3502,right
0.931353,-0.101264,0.349752,right
0.931347,-0.101914,0.349579,right
0.931323,-0.102454,0.349485,right
0.931305,-0.103004,0.349372,right
0.931306,-0.10344,0.349241,right
0.931332,-0.103786,0.349068,right
0.931344,-0.103941,0.348991,right
0.931321,-0.104574,0.348863,right
0.931301,-0.105107,0.348755,right
0.931285,-0.105558,0.348664,right
0.93127,-0.105944,0.348585,right
0.931249,-0.106327,0.348525,right
0.931215,-0.106862,0.348452,right
0.930889,-0.109153,0.348613,right
0.93067,-0.110801,0.348678,right
0.930524,-0.111891,0.34872,right
0.930421,-0.112649,0.348749,right
0.930384,-0.113548,0.348558,right
0.930123,-0.115467,0.348623,right
0.930041,-0.116275,0.348573,right
0.929928,-0.117383,0.348504,right
0.929993,-0.117751,0.348207,right
0.92997,-0.118324,0.348074,right
0.929847,-0.119494,0.348003,right
0.929568,-0.121169,0.348169,right
0.929391,-0.122207,0.348278,right
0.928578,-0.124175,0.349748,right
0.927151,-0.126966,0.352522,right
0.925992,-0.128555,0.354983,right
0.924565,-0.128789,0.358599,right
0.922958,-0.12942,0.362491,right
0.92184,-0.130005,0.365117,right
0.920855,-0.129777,0.367673,right
0.920249,-0.129645,0.369234,right
0.919799,-0.128336,0.370809,right
0.919457,-0.127373,0.371988,right
0.918751,-0.128297,0.373412,right
0.918215,-0.127399,0.375035,right
0.917673,-0.126982,0.3765,right
0.917035,-0.12717,0.377987,right
0.9163,-0.126808,0.379888,right
0.915932,-0.125261,0.381285,right
0.915771,-0.126025,0.38142,right
0.915489,-0.127078,0.381747,right
0.91526,-0.12771,0.382085,right
0.914858,-0.127576,0.38309,right
0.914514,-0.126071,0.384409,right
0.91477,-0.124588,0.384283,right
0.914844,-0.123712,0.38439,right
0.914984,-0.121811,0.384664,right
0.914875,-0.119522,0.38564,right
0.914685,-0.118111,0.386524,right
0.914253,-0.117349,0.387777,right
0.913946,-0.117214,0.388539,right
0.913736,-0.116278,0.389316,right
0.913523,-0.115267,0.390115,right
0.913134,-0.117377,0.390396,right
0.912811,-0.117901,0.390993,right
0.911233,-0.118989,0.39433,right
0.910642,-0.118929,0.39571,right
0.909647,-0.119279,0.397888,right
0.908678,-0.119822,0.399934,right
0.907372,-0.12343,0.401796,right
0.906187,-0.125804,0.403731,right
0.905141,-0.128458,0.405238,right
0.903774,-0.131849,0.407196,right
0.902353,-0.134826,0.409367,right
0.900924,-0.138533,0.411271,right
0.899433,-0.142817,0.413066,right
0.898384,-0.145865,0.414283,right
0.897395,-0.14936,0.415179,right
0.896797,-0.151444,0.415716,right
0.895604,-0.155045,0.416958,right
0.893234,-0.161156,0.419717,right
0.887984,-0.174291,0.425567,right
0.885261,-0.180724,0.428547,right
0.884756,-0.182296,0.428923,right
0.884244,-0.183135,0.429622,right
0.883316,-0.186366,0.43014,right
0.882528,-0.189001,0.430608,right
0.882018,-0.190296,0.431081,right
0.881969,-0.190419,0.431127,right
0.882494,-0.188681,0.430818,right
0.883534,-0.185484,0.430073,right
0.88482,-0.181803,0.429,right
0.886232,-0.177078,0.428061,right
0.88731,-0.17341,0.427329,right
0.888053,-0.170775,0.426847,right
0.888359,-0.168356,0.427171,right
0.888564,-0.165886,0.42771,right
0.888605,-0.163917,0.428384,right
0.888275,-0.162378,0.429653,right
0.887427,-0.161262,0.43182,right
0.885882,-0.161721,0.43481,right
0.884059,-0.162974,0.43804,right
0.88331,-0.163273,0.439438,right
0.881865,-0.164246,0.44197,right
0.881061,-0.164532,0.443465,right
0.880504,-0.164692,0.44451,right
0.87991,-0.16512,0.445526,right
0.879433,-0.165354,0.446381,right
0.879088,-0.165039,0.447176,right
0.878901,-0.164541,0.447727,right
0.878927,-0.16337,0.448105,right
0.879016,-0.162208,0.448352,right
0.879227,-0.160214,0.448655,right
0.879636,-0.157021,0.448982,right
0.880354,-0.15458,0.448421,right
0.881243,-0.152716,0.447313,right
0.883294,-0.14862,0.44464,right
0.885636,-0.143878,0.441529,right
0.887492,-0.140279,0.438954,right
0.888141,-0.138857,0.438091,right
0.88896,-0.135998,0.437327,right
0.889191,-0.134252,0.437397,right
0.88925,-0.133401,0.437537,right
0.889347,-0.131701,0.437855,right
0.889419,-0.130449,0.438082,right
0.889452,-0.1289,0.438475,right
0.889506,-0.127751,0.438702,right
0.889502,-0.127422,0.438805,right
0.889498,-0.126592,0.439053,right
0.889571,-0.125821,0.439127,right
0.8896,-0.125123,0.439268,right
0.889594,-0.124359,0.439496,right
0.889513,-0.123764,0.439828,right
0.889257,-0.123694,0.440366,right
0.888889,-0.123929,0.441041,right
0.88881,-0.123257,0.441389,right
0.889319,-0.12238,0.440608,right
0.890745,-0.121368,0.437999,right
0.892252,-0.118311,0.435762,right
0.892965,-0.11742,0.434542,right
0.894717,-0.125114,0.428751,right
0.895004,-0.128546,0.427134,right
0.895072,-0.132006,0.425936,right
0.894823,-0.134286,0.425745,right
0.894326,-0.139701,0.425047,right
0.893585,-0.146265,0.424396,right
0.892966,-0.150817,0.424105,right
0.892332,-0.154886,0.423973,right
0.891869,-0.157384,0.424027,right
0.8915,-0.159209,0.424124,right
0.891125,-0.160203,0.424537,right
0.890793,-0.16111,0.424891,right
0.89062,-0.161867,0.424965,right
0.890483,-0.162381,0.425057,right
0.890222,-0.163476,0.425184,right
0.889963,-0.164883,0.425181,right
0.889626,-0.166375,0.425306,right
0.889336,-0.168118,0.425226,right
0.889076,-0.169798,0.425102,right
0.888838,-0.17104,0.425103,right
0.88861,-0.17228,0.425079,right
0.888349,-0.173382,0.425176,right
0.888127,-0.174298,0.425266,right
0.887827,-0.175588,0.425361,right
0.887247,-0.177687,0.4257,right
0.886844,-0.179163,0.42592,right
0.8861,-0.182096,0.426225,right
0.885472,-0.185824,0.425921,right
0.884913,-0.189491,0.425466,right
0.884406,-0.193325,0.424795,right
0.884448,-0.195721,0.423609,right
0.884429,-0.197931,0.422621,right
0.884499,-0.199837,0.421576,right
-0.0298032,-0.441298,-0.896866,front
-0.0308822,-0.443293,-0.895845,front
-0.022959,-0.439945,-0.897731,front
-0.021157,-0.440911,-0.897302,front
-0.0198769,-0.443685,-0.895962,front
-0.0209176,-0.44623,-0.894674,front
-0.020406,-0.449334,-0.893131,front
-0.0214593,-0.454524,-0.890476,front
-0.0223248,-0.459202,-0.888051,front
-0.0190533,-0.462931,-0.88619,front
-0.0174201,-0.461995,-0.886712,front
-0.014052,-0.460161,-0.887724,front
-0.00922028,-0.457464,-0.88918,front
-0.00700327,-0.457339,-0.889265,front
-0.0053025,-0.456106,-0.88991,front
-0.00534897,-0.45492,-0.890516,front
-0.00539341,-0.454292,-0.890836,front
-0.0057899,-0.452914,-0.891535,front
-0.00664699,-0.450731,-0.892635,front
-0.00774635,-0.449848,-0.893072,front
-0.0087005,-0.449344,-0.893316,front
-0.00989576,-0.447515,-0.894222,front
-0.0108847,-0.446953,-0.894491,front
-0.0115439,-0.447634,-0.894142,front
-0.0121082,-0.448217,-0.893843,front
-0.012926,-0.449619,-0.893127,front
-0.0142194,-0.456971,-0.889368,front
-0.0190779,-0.432794,-0.901291,front
-0.0255321,-0.413822,-0.909999,front
-0.0504286,-0.45217,-0.890505,front
-0.026806,-0.463574,-0.885653,front
-0.0239125,-0.464093,-0.885464,front
-0.0207031,-0.463588,-0.885809,front
-0.0117193,-0.460809,-0.887422,front
-0.00118402,-0.455702,-0.890132,front
-0.00328543,-0.444138,-0.895952,front
-0.0263825,-0.366108,-0.930198,front
-0.0212507,-0.319671,-0.94729,front
-0.0255567,-0.316516,-0.948243,front
-0.0277022,-0.316457,-0.948202,front
-0.0379441,-0.33975,-0.93975,front
-0.0504369,-0.375479,-0.925458,front
-0.0606982,-0.387998,-0.919659,front
-0.0625245,-0.390807,-0.918347,front
-0.0693915,-0.393944,-0.916511,front
-0.0789287,-0.379402,-0.921859,front
-0.0824589,-0.380612,-0.921051,front
-0.0857616,-0.381278,-0.920474,front
-0.0845755,-0.375215,-0.923071,front
-0.114215,-0.342303,-0.932622,front
-0.10252,-0.332083,-0.937662,front
-0.0887746,-0.339334,-0.936468,front
-0.0826398,-0.325634,-0.941878,front
-0.0819394,-0.309012,-0.947522,front
-0.0817527,-0.319167,-0.944166,front
-0.0847436,-0.330099,-0.940135,front
-0.0909235,-0.341581,-0.935444,front
-0.103977,-0.334859,-0.936514,front
-0.107987,-0.329111,-0.938096,front
-0.123752,-0.340923,-0.93191,front
-0.129371,-0.337426,-0.93242,front
-0.139362,-0.334971,-0.931865,front
-0.152275,-0.320755,-0.934842,front
-0.152275,-0.320755,-0.934842,front
-0.156169,-0.316848,-0.935531,front
-0.156687,-0.33522,-0.929019,front
-0.156595,-0.330476,-0.930733,front
-0.154656,-0.332928,-0.930183,front
-0.148804,-0.333562,-0.93091,front
-0.151665,-0.326313,-0.933015,front
-0.158417,-0.320863,-0.933783,front
-0.161648,-0.322062,-0.932816,front
-0.167408,-0.327027,-0.930069,front
-0.171814,-0.328782,-0.928646,front
-0.183223,-0.328478,-0.92657,front
-0.195646,-0.333764,-0.92213,front
-0.196137,-0.337833,-0.920543,front
-0.195955,-0.339057,-0.920131,front
-0.199906,-0.33874,-0.919398,front
-0.201173,-0.335732,-0.920225,front
-0.200905,-0.33419,-0.920844,front
-0.200188,-0.334544,-0.920872,front
-0.193126,-0.342435,-0.919478,front
-0.190288,-0.344695,-0.919226,front
-0.189505,-0.346367,-0.918759,front
-0.188021,-0.348132,-0.918396,front
-0.196092,-0.343494,-0.918455,front
-0.197566,-0.344709,-0.917684,front
-0.198427,-0.350972,-0.91512,front
-0.196661,-0.361394,-0.911438,front
-0.190975,-0.361453,-0.912623,front
-0.184038,-0.363412,-0.91327,front
-0.186208,-0.35249,-0.917103,front
-0.188272,-0.338775,-0.921838,front
-0.19978,-0.316924,-0.927172,front
-0.196828,-0.320482,-0.92658,front
-0.195222,-0.322706,-0.926147,front
-0.196693,-0.322434,-0.925931,front
-0.196943,-0.332876,-0.922175,front
-0.198313,-0.337514,-0.920194,front
-0.205466,-0.332676,-0.920386,front
-0.206332,-0.32438,-0.923149,front
-0.204578,-0.325676,-0.923083,front
-0.20546,-0.331705,-0.920738,front
-0.204467,-0.336842,-0.919092,front
-0.2061,-0.334223,-0.919683,front
-0.205412,-0.338807,-0.918159,front
-0.204772,-0.34648,-0.915434,front
-0.20913,-0.345226,-0.914923,front
-0.212348,-0.343838,-0.914704,front
-0.212138,-0.344122,-0.914646,front
-0.212064,-0.344221,-0.914626,front
-0.21602,-0.345651,-0.91316,front
-0.218091,-0.345288,-0.912805,front
-0.227206,-0.336226,-0.913963,front
-0.230149,-0.334351,-0.913915,front
-0.227988,-0.327769,-0.916836,front
-0.225652,-0.330255,-0.916522,front
-0.224101,-0.332484,-0.916097,front
-0.21745,-0.344904,-0.913103,front
-0.213308,-0.354204,-0.910516,front
-0.210592,-0.361685,-0.908204,front
-0.20849,-0.36829,-0.906032,front
-0.207289,-0.372085,-0.904756,front
-0.206509,-0.374559,-0.903914,front
-0.204687,-0.380315,-0.901922,front
-0.19824,-0.405982,-0.892121,front
-0.196019,-0.405931,-0.892635,front
-0.193774,-0.410199,-0.891173,front
-0.188145,-0.417522,-0.888975,front
-0.184884,-0.412959,-0.891786,front
-0.180936,-0.407546,-0.89508,front
-0.177491,-0.40498,-0.896933,front
-0.17435,-0.404113,-0.897939,front
-0.173094,-0.403766,-0.898338,front
-0.171113,-0.402827,-0.899139,front
-0.169611,-0.401765,-0.899899,front
-0.168432,-0.400932,-0.900491,front
-0.167518,-0.400287,-0.900948,front
-0.166762,-0.399754,-0.901325,front
-0.16642,-0.399512,-0.901496,front
-0.172123,-0.404042,-0.898401,front
-0.17175,-0.40434,-0.898338,front
-0.169112,-0.401393,-0.900158,front
-0.171676,-0.402259,-0.899286,front
-0.177723,-0.404416,-0.897141,front
-0.176672,-0.421535,-0.889435,front
-0.178223,-0.444914,-0.877661,front
-0.177924,-0.445761,-0.877291,front
-0.179641,-0.445003,-0.877326,front
-0.178919,-0.442293,-0.878843,front
-0.178297,-0.441411,-0.879413,front
-0.176441,-0.442009,-0.879487,front
-0.173658,-0.442769,-0.879658,front
-0.171814,-0.443271,-0.879767,front
-0.17051,-0.443625,-0.879843,front
-0.169209,-0.451845,-0.875902,front
-0.166034,-0.461149,-0.87165,front
-0.162395,-0.467162,-0.86913,front
-0.157353,-0.484401,-0.860579,front
-0.153825,-0.494922,-0.855213,front
-0.152595,-0.499053,-0.853031,front
-0.150366,-0.506501,-0.849027,front
-0.149542,-0.509239,-0.847533,front
-0.148958,-0.511829,-0.846075,front
-0.148115,-0.515619,-0.843919,front
-0.14762,-0.51788,-0.84262,front
-0.147286,-0.519416,-0.841733,front
-0.148486,-0.517917,-0.842445,front
-0.151189,-0.515994,-0.843144,front
-0.151669,-0.518142,-0.841739,front
-0.151973,-0.519457,-0.840874,front
-0.152185,-0.520355,-0.84028,front
-0.152271,-0.520711,-0.840044,front
-0.152409,-0.521285,-0.839663,front
-0.152518,-0.521733,-0.839364,front
-0.152607,-0.522093,-0.839125,front
-0.152681,-0.522391,-0.838926,front
-0.152742,-0.522639,-0.83876,front
-0.152794,-0.522848,-0.83862,front
-0.152797,-0.523139,-0.838438,front
-0.15276,-0.52349,-0.838226,front
-0.152734,-0.523746,-0.838071,front
-0.143194,-0.529632,-0.836054,front
-0.134085,-0.535628,-0.833741,front
-0.130085,-0.537168,-0.833384,front
-0.115962,-0.531325,-0.839194,front
-0.102322,-0.517249,-0.849696,front
-0.0915687,-0.507668,-0.856673,front
-0.080395,-0.502726,-0.860699,front
-0.0770626,-0.484208,-0.871553,front
-0.0867408,-0.451403,-0.888094,front
-0.0965124,-0.416535,-0.903982,front
-0.057556,-0.44035,-0.895979,front
-0.057556,-0.44035,-0.895979,front
-0.043358,-0.423952,-0.904646,front
-0.0355892,-0.391577,-0.919457,front
-0.0369111,-0.381378,-0.923682,front
-0.0358654,-0.362478,-0.931302,front
-0.0189663,-0.364231,-0.931116,front
-0.0156815,-0.367203,-0.930009,front
-0.0232032,-0.381337,-0.924145,front
-0.0401126,-0.403243,-0.914213,front
-0.0565014,-0.419169,-0.906148,front
-0.0701537,-0.425401,-0.902282,front
-0.0797984,-0.422666,-0.902766,front
-0.100682,-0.417766,-0.902959,front
-0.115025,-0.411435,-0.904152,front
-0.138011,-0.400043,-0.906045,front
-0.146812,-0.395634,-0.906598,front
-0.151015,-0.39352,-0.906828,front
-0.152435,-0.392805,-0.9069,front
-0.179659,-0.36759,-0.912469,front
-0.194685,-0.362876,-0.911273,front
-0.200918,-0.362527,-0.910058,front
-0.212231,-0.366988,-0.905692,front
-0.222867,-0.374,-0.900252,front
-0.230666,-0.380426,-0.895583,front
-0.237745,-0.386255,-0.891226,front
-0.239435,-0.387406,-0.890274,front
-0.242281,-0.389895,-0.888415,front
-0.244658,-0.391531,-0.887044,front
-0.246554,-0.392908,-0.885909,front
-0.248087,-0.394024,-0.884985,front
-0.248745,-0.394503,-0.884587,front
-0.250819,-0.39617,-0.883255,front
0.0389503,0.277616,0.959902,back
0.0441974,0.279647,0.959085,back
0.0496452,0.283326,0.957738,back
0.0539125,0.287906,0.95614,back
0.0557509,0.291106,0.955065,back
0.0603178,0.300102,0.951998,back
0.0624489,0.301947,0.951277,back
0.0651784,0.303467,0.95061,back
0.0677515,0.304414,0.950127,back
0.0723207,0.305561,0.949422,back
0.0756404,0.306391,0.948896,back
0.0787447,0.306846,0.948496,back
0.0814919,0.307092,0.948184,back
0.0861385,0.30886,0.947199,back
0.0936167,0.312172,0.945402,back
0.0976146,0.31685,0.943439,back
0.103871,0.321631,0.94115,back
0.104263,0.322871,0.940683,back
0.102794,0.325715,0.939863,back
0.100982,0.328307,0.939158,back
0.100371,0.329173,0.93892,back
0.099018,0.331539,0.938231,back
0.0977791,0.336818,0.936479,back
0.0968235,0.340815,0.935131,back
0.0960692,0.343922,0.934071,back
0.0945341,0.348527,0.932519,back
0.0937129,0.350765,0.931763,back
0.0931844,0.352184,0.93128,back
0.0927997,0.353206,0.930932,back
0.0916149,0.357192,0.929527,back
0.0906407,0.361238,0.928058,back
0.0676251,0.403237,0.912593,back
0.0472215,0.444483,0.894542,back
0.050266,0.446375,0.893433,back
0.052291,0.446667,0.893171,back
0.0419626,0.443434,0.895324,back
0.0434032,0.43871,0.89758,back
0.0438069,0.43727,0.898263,back
0.042885,0.435312,0.899258,back
0.0365353,0.431133,0.901548,back
0.0370814,0.427535,0.903238,back
0.0335206,0.424,0.905042,back
0.0250858,0.422022,0.906239,back
-0.0151523,0.41385,0.910219,back
-0.046019,0.413957,0.909132,back
-0.0547324,0.410421,0.910252,back
-0.0560015,0.410536,0.910123,back
-0.0513931,0.410594,0.910369,back
-0.0479876,0.407931,0.911751,back
-0.0449859,0.406352,0.912609,back
-0.0445819,0.405956,0.912804,back
-0.035513,0.406275,0.913061,back
-0.0316132,0.407084,0.912844,back
-0.0306304,0.409262,0.911903,back
-0.0300155,0.410837,0.911214,back
-0.0263563,0.413475,0.910134,back
-0.0143906,0.416581,0.908985,back
-0.0150496,0.42359,0.905729,back
-0.0153336,0.426783,0.904224,back
-0.020631,0.428037,0.903526,back
-0.028105,0.427791,0.903441,back
-0.0281535,0.42715,0.903742,back
-0.0286127,0.426019,0.904262,back
-0.0276059,0.424954,0.904794,back
-0.0218732,0.425825,0.904541,back
-0.016807,0.428346,0.903459,back
-0.0144302,0.435472,0.900086,back
-0.00638383,0.440473,0.897743,back
-0.00361459,0.444523,0.89576,back
-0.00276462,0.448937,0.893559,back
-0.00501735,0.451655,0.892179,back
-0.00624661,0.453357,0.891307,back
-0.00468915,0.454129,0.890923,back
-0.00401195,0.456075,0.889932,back
0.00513254,0.462162,0.886781,back
0.0210442,0.469331,0.882771,back
0.0402325,0.487673,0.872099,back
0.0463978,0.497605,0.866162,back
0.0340972,0.504265,0.862876,back
0.00375049,0.507869,0.861426,back
0.000755877,0.509694,0.860355,back
-0.00430555,0.508773,0.86089,back
-0.00713574,0.506974,0.861932,back
-0.00766821,0.504816,0.863193,back
-0.0115189,0.504293,0.863456,back
-0.0199177,0.509484,0.86025,back
-0.0232273,0.512634,0.858293,back
-0.0197731,0.513326,0.857966,back
-0.0174884,0.513631,0.857833,back
-0.0167327,0.513545,0.8579,back
-0.0165184,0.513853,0.857719,back
-0.0165677,0.514356,0.857417,back
-0.015702,0.513803,0.857764,back
-0.0103083,0.507671,0.861489,back
-0.00168781,0.50279,0.864407,back
0.00146889,0.495324,0.868707,back
0.00116025,0.490203,0.871608,back
0.000888328,0.487996,0.872845,back
0.000211916,0.483144,0.875541,back
-0.000968259,0.477436,0.878666,back
-0.00169689,0.469929,0.882703,back
0.00109905,0.464874,0.885376,back
0.00485824,0.458551,0.888655,back
0.00786071,0.45408,0.890926,back
0.00830851,0.451833,0.892064,back
0.0111784,0.449912,0.893003,back
0.0221728,0.447739,0.893889,back
0.0335917,0.446209,0.894298,back
0.0394432,0.445402,0.894461,back
0.0429231,0.444915,0.894543,back
0.045365,0.444571,0.894594,back
0.0471415,0.444318,0.894628,back
0.0484963,0.444125,0.894652,back
0.0490683,0.444043,0.894661,back
0.0506689,0.444217,0.894486,back
0.0525463,0.444641,0.894166,back
0.0540272,0.444975,0.893912,back
0.0670166,0.451155,0.889926,back
0.0784672,0.454327,0.887373,back
0.0849682,0.456937,0.885432,back
0.0924357,0.45941,0.883401,back
0.101194,0.461725,0.881232,back
0.105306,0.462711,0.880233,back
0.11364,0.464589,0.878204,back
0.119602,0.465913,0.87671,back
0.127774,0.468058,0.874411,back
0.130774,0.469648,0.873114,back
0.135534,0.473519,0.870294,back
0.139201,0.477659,0.867448,back
0.141968,0.480786,0.865268,back
0.147004,0.484616,0.862286,back
0.153317,0.488717,0.858865,back
0.157324,0.493364,0.855477,back
0.164659,0.496279,0.852405,back
0.172345,0.49727,0.850306,back
0.185543,0.514919,0.836918,back
0.192479,0.524392,0.829436,back
0.19621,0.529547,0.825277,back
0.21116,0.533647,0.818921,back
0.223946,0.542828,0.809436,back
0.229776,0.545675,0.80588,back
0.238911,0.550475,0.799937,back
0.250276,0.55843,0.790897,back
0.256168,0.562504,0.786109,back
0.259539,0.564819,0.783338,back
0.261714,0.566307,0.781538,back
0.263245,0.567351,0.780266,back
0.264895,0.568474,0.778889,back
0.265321,0.568763,0.778533,back
0.268893,0.569046,0.777099,back
0.258314,0.579758,0.772758,back
0.253955,0.587583,0.768279,back
0.256855,0.591421,0.76436,back
0.256356,0.592714,0.763526,back
0.243982,0.597199,0.764085,back
0.238866,0.601373,0.762426,back
0.227159,0.609429,0.759602,back
0.22185,0.611621,0.759409,back
0.219074,0.615208,0.757315,back
0.220013,0.616788,0.755756,back
0.22128,0.61607,0.755972,back
0.223662,0.614505,0.756544,back
0.226512,0.614313,0.755851,back
0.229163,0.614173,0.755166,back
0.23312,0.613692,0.754346,back
0.243889,0.61261,0.751816,back
0.241722,0.609142,0.755326,back
0.242389,0.608921,0.75529,back
0.24491,0.608879,0.75451,back
0.251892,0.608558,0.752467,back
0.260113,0.604751,0.75274,back
0.260425,0.601582,0.755167,back
0.258647,0.598133,0.758511,back
0.258195,0.594831,0.761257,back
0.269215,0.588968,0.761998,back
0.274556,0.586057,0.762336,back
0.27734,0.584521,0.762507,back
0.278337,0.583969,0.762567,back
0.279832,0.583137,0.762657,back
0.280914,0.582532,0.762721,back
0.281737,0.582071,0.76277,back
0.282385,0.581708,0.762807,back
0.282911,0.581412,0.762838,back
0.283348,0.581166,0.762863,back
0.281702,0.578965,0.765143,back
0.281518,0.557742,0.780814,back
0.277456,0.550656,0.787272,back
0.274156,0.547936,0.79032,back
0.277101,0.547199,0.789803,back
0.280844,0.547497,0.788273,back
0.286737,0.546037,0.787163,back
0.290382,0.544674,0.786771,back
0.295385,0.541909,0.786818,back
0.296087,0.540372,0.787611,back
0.296566,0.539316,0.788154,back
0.296755,0.538898,0.788369,back
0.315281,0.521731,0.792713,back
0.326929,0.510764,0.795134,back
0.334217,0.508948,0.793266,back
0.338103,0.506145,0.793413,back
0.336727,0.502817,0.796109,back
0.327698,0.496556,0.80377,back
0.318226,0.489367,0.811944,back
0.312683,0.471836,0.824379,back
0.303289,0.470748,0.8285,back
0.296373,0.466106,0.833611,back
0.29621,0.460725,0.836655,back
0.292807,0.456128,0.840364,back
0.285524,0.453067,0.844515,back
0.279686,0.448286,0.849009,back
0.267813,0.440851,0.856695,back
0.258316,0.435233,0.862465,back
0.25669,0.433435,0.863854,back
0.256309,0.431146,0.865112,back
0.256053,0.43019,0.865664,back
0.257209,0.429361,0.865732,back
0.257368,0.425328,0.867674,back
0.256174,0.423496,0.868922,back
0.2576,0.425214,0.867661,back
0.256882,0.427042,0.866976,back
0.256376,0.426006,0.867635,back
0.255501,0.425673,0.868056,back
0.255438,0.425896,0.867965,back
0.255771,0.427389,0.867133,back
0.256279,0.429333,0.866022,back
0.256653,0.430767,0.865199,back
0.258018,0.432594,0.863881,back
0.258215,0.433109,0.863564,back
0.259204,0.434066,0.862786,back
0.261882,0.434554,0.861731,back
0.26134,0.436408,0.860959,back
0.261418,0.43724,0.860513,back
0.262293,0.440451,0.858607,back
0.262762,0.443222,0.857036,back
0.263573,0.446508,0.855079,back
0.263704,0.44928,0.853585,back
0.263859,0.45049,0.852899,back
0.262352,0.451408,0.852879,back
