thumb_meta_proxi,thumb_proxi_inter,index_meta_proxi,index_proxi_inter,middle_meta_proxi,middle_proxi_inter,ring_meta_proxi,ring_proxi_inter,pinky_meta_proxi,pinky_proxi_inter,thumb_index,index_middle,middle_ring,ring_pinky,thumb_center_distance,index_center_distance,middle_center_distance,ring_center_distance,pinky_center_distance,hand_direction_x,hand_direction_y,hand_direction_z,palm_direction,thumb_hand_angle,thumb_direction_x,thumb_direction_y,thumb_direction_z,index_hand_angle,index_direction_x,index_direction_y,index_direction_z,middle_hand_angle,middle_direction_x,middle_direction_y,middle_direction_z,ring_hand_angle,ring_direction_x,ring_direction_y,ring_direction_z,pinky_hand_angle,pinky_direction_x,pinky_direction_y,pinky_direction_z,label
97.12394590086859,9.902984663209676,25.737396516704386,3.526206117487095,19.00180520849569,64.70838735734128,8.784243214316911,66.33156268650629,17.136098896600302,67.09691545054747,48.43679614102837,40.742079859583455,4.9854792117282685,2.631509779552179,0.5306374618040088,1.0,0.7851810916786477,0.7522728796593035,0.6768351429950245,0.203,-0.504888,-0.838975,1,30.02965921813417,0.26681900000000003,-0.8487020000000001,-0.456632,23.208796817980264,0.14615699999999998,-0.132551,-0.980341,77.41681937094465,-0.478841,-0.865764,0.145478,73.56516081191543,-0.501091,-0.863241,0.0610194,70.34991512497787,-0.578842,-0.813836,-0.0511145,d
82.23189139255223,40.89678545098999,59.43250852915836,18.210525604106525,56.58817358350454,21.442762107063373,90.1221021069772,79.69343283314981,85.62171702083758,79.28687383600348,21.731175180936066,10.981586856336431,30.655211201602306,10.209280976520308,0.6360122613696348,0.8333810404922914,0.8387268410014771,0.3824639204150919,0.3820430905999779,-0.00188905,0.39705,-0.917795,1,55.87319452631383,0.581484,-0.316587,-0.749433,75.70283062570714,-0.0568133,-0.789856,-0.6106550000000001,79.16875184642329,-0.248348,-0.797812,-0.549381,164.08919085280868,-0.229152,-0.517543,0.8244020000000001,153.46571649951434,-0.398686,-0.537402,0.743134,r
90.921757060377,4.403421543291122,27.599614049963012,7.067793755807219,54.828026104395036,85.65235826160458,57.52755583131587,85.8262808626902,54.41044220492946,86.14010398237095,36.274954188028495,63.55803435861535,1.8636952669454223,10.165089659012775,0.64878246775409,0.9549306955881364,0.4634626355360768,0.4309404003279917,0.4419565729669422,-0.334642,-0.248016,-0.909122,1,31.04383877091389,-0.08849299999999999,-0.685264,-0.722899,3.928442420877158,-0.272012,-0.234241,-0.933349,140.88402806972744,0.199848,-0.407547,0.891048,140.49928728167936,0.06738519999999999,-0.372524,0.925573,132.67525820722832,-0.0575369,-0.452091,0.890114,d
89.51142211862611,0.5729233920396292,23.849853961411718,3.9630730768683775,31.02099983232863,26.572859494915857,24.14555356771459,26.621462352510576,32.612649732545485,32.541983847490954,56.318932121872606,56.3908876453243,5.769415254028287,3.162273266979503,0.6419729523120304,1.0,0.969377730438976,0.9501648768855024,0.8007990738208868,-0.054744500000000015,-0.493476,-0.868035,1,28.90325162153337,0.00598937,-0.851017,-0.525104,27.049224997037328,-0.373564,-0.154436,-0.914658,53.942078991597405,-0.0291087,-0.993333,-0.111543,49.40485322682694,-0.111373,-0.975866,-0.187834,57.218648461497786,-0.236591,-0.96991,-0.0574345,d
79.81274493255248,31.99218713316709,30.57512450980905,10.104035487618784,6.021003707681673,20.020871095540482,68.85015496782803,79.97797184212509,69.2632516618568,81.38263276594232,22.334639564408132,22.473847418327814,65.0436462644179,4.1522995313072775,0.5654380562448905,0.9168671409982077,0.9643672315870504,0.4296906948391544,0.40268367589455467,0.0470351,0.111793,-0.992618,1,44.8620770771081,0.548113,-0.402124,-0.733395,23.229897710192013,0.211991,-0.252322,-0.944136,27.02129027297497,-0.174286,-0.296221,-0.939083,145.72717601074382,-0.209055,-0.624855,0.7522310000000001,140.568709496,-0.42243,-0.585145,0.692213,r
68.16269627798347,13.824163271040964,31.74496996092873,6.4482908353475406,82.13650551408912,18.654660420503227,89.31627304400963,21.275829627042352,85.63277313994809,21.225054363403274,45.397049591192605,99.1812269140172,5.402795922441462,8.779067864303821,0.7352223576518988,0.9509354352050552,0.7581310441585173,0.7087657587859342,0.6357083248673614,0.8314219999999999,-0.49725,-0.247953,6,27.2339985499247,0.737368,-0.648861,0.187797,10.355026215329122,0.835065,-0.387124,-0.390898,101.76024092879429,-0.0791408,-0.208526,0.97481,108.51971900176608,-0.235159,-0.225822,0.945359,100.58149467204292,-0.218379,-0.43214,0.874966,p
81.75332308210862,22.392878563296836,60.522511065738975,19.72840749564091,58.35755715341053,23.481474166680346,90.80140133644615,86.71616627496309,88.59942598329596,87.27969293844701,29.095499643357943,10.322923910374216,29.583249221334253,10.085235969579422,0.6284479051683642,0.82674916629728,0.8270847821977978,0.3424588834242125,0.3787264760076681,0.0354483,0.587206,-0.808661,1,39.04905108829293,0.399882,0.0372122,-0.915811,78.65674524665815,0.147678,-0.672578,-0.725141,82.94422853484909,-0.037376199999999984,-0.7293310000000001,-0.683139,169.11636927804003,-0.213804,-0.621275,0.7538600000000001,165.95398532086125,-0.2433,-0.665072,0.706034,r
80.85127648153133,28.57717947474623,22.952608026792852,9.635859671504925,82.14683055672569,6.299964617564969,92.53373757886341,65.46123230589203,86.51499425902583,61.933190181357276,26.330691679872192,86.3732255977511,8.601262614022607,10.023791270542723,0.5541641269544945,1.0,0.85404441846954,0.5160695576085321,0.47257315128434496,0.8927299999999999,0.19491,-0.406255,6,35.456480952501394,0.938388,0.285868,0.194186,6.344490990561079,0.936935,0.15806199999999998,-0.311718,89.40124545978495,0.457168,-0.4808310000000001,0.748197,154.51397870525392,-0.6386390000000001,-0.515601,0.5712229999999999,135.95574317249842,-0.43654,-0.789604,0.431229,p
66.80753357484703,43.09079735958289,42.19933531086173,19.889378711280894,32.551590158246796,20.549402726928047,81.67475104954829,86.90589240613279,83.68450047602067,87.76909299003509,27.788711313640732,17.420755797684187,46.173687187798826,7.683298397270978,0.5551923152005953,0.8819856275222953,0.9140399784191982,0.3636150871992613,0.37930903793954224,-0.149402,0.250933,-0.956406,1,39.61460304986415,0.253259,-0.293102,-0.921928,55.66067586369515,0.0253611,-0.645691,-0.763177,54.95947943909995,-0.269894,-0.634175,-0.7245550000000001,165.31428323216682,0.00600479,-0.452425,0.891782,162.11615048784805,-0.101088,-0.42589,0.8991100000000001,r
90.6784224027332,22.440802326646995,28.264127204251064,4.5853340796875655,14.143209698848574,3.781624830091412,19.557834332733268,3.920545413670613,68.55763914734702,47.895967262590005,18.70666639915755,7.951735769254558,8.606023360858638,50.763725159700186,0.5288265347564103,0.8891707026111287,0.9253533088667726,0.8631757605892614,0.5180692460768185,-0.200193,0.208244,-0.95737,1,37.815811989358906,-0.0966492,-0.428787,-0.8982209999999999,10.419621406410496,-0.200656,0.0279628,-0.979263,14.573162790092368,-0.32319200000000003,-0.0133257,-0.94624,17.220159881883507,-0.4496270000000001,0.056298699999999986,-0.89144,109.921337464004,-0.737854,-0.5505760000000001,0.390433,d
71.97363466060231,41.072182742280624,23.60461046114493,11.128611530532034,61.84245842876861,52.370345598073065,62.23070267212015,51.64621232947176,63.33116387803398,51.9055375179453,48.898389784546005,75.56640660436409,2.7081136380151243,5.214767656184947,0.6264425476928118,1.0,0.7141717381464968,0.6887828725431161,0.6071770180179158,0.06909069999999999,0.0197902,-0.997414,1,48.82147565523682,0.228617,-0.717012,-0.658505,4.564820227173295,0.0249689,0.0860875,-0.995975,114.8150498557638,-0.533692,-0.761069,0.368709,111.58011681965658,-0.631,-0.710741,0.310944,108.64203626995842,-0.760139,-0.597213,0.255979,d
86.88143765577459,2.8125209036755194,24.65251423667405,4.446926020711262,26.42484694319805,57.06723350262161,29.17080680435987,57.5979173782267,29.35859324870337,57.83731387912604,55.97291826697614,48.93074908369264,7.375361449737277,0.4366788521832189,0.6240194680899332,0.9364983194322172,0.6912490302179009,0.6446791983123044,0.5901043027303827,0.0589143,-0.4669180000000001,-0.882336,1,32.81699909797017,-0.0965605,-0.857663,-0.5050640000000001,22.234976819262233,-0.0307743,-0.108731,-0.993595,80.2272058589095,-0.496871,-0.839778,0.218843,84.60227891377517,-0.5523819999999999,-0.787532,0.273253,81.84703962083186,-0.65993,-0.72918,0.181078,d
76.88512256867331,26.04607516568697,24.18865441810119,12.934058138217228,66.79761512980454,63.699696311731564,81.95058054881433,72.40784081690927,78.05463828842038,71.32106849084863,27.608776664727927,60.82787938305722,12.538263192974489,7.628660426915285,0.6004619668043459,0.9286311310753128,0.5454710651069794,0.4725785323465614,0.4267874856368821,-0.151482,0.18448,-0.971092,1,41.594187386584494,0.319407,-0.339963,-0.8845360000000001,20.317014447233856,-0.037488,-0.148901,-0.988141,131.5196946016145,0.187246,-0.8502959999999999,0.491869,150.76177527732827,-0.0113574,-0.6232439999999999,0.781945,138.4760036675393,-0.255864,-0.6867,0.680424,d
76.55176645604703,18.44892070451913,30.7517855916128,3.7340541060010053,13.147848812914171,4.89345063030982,50.43893265057401,51.58515803593627,50.057890455407076,51.11034229884609,41.985764166023934,7.4353526339967955,61.47283685707959,11.417600058909404,0.5817004285290668,0.9507198763833928,1.0,0.6874533391609134,0.6218776887486892,-0.391009,-0.227648,-0.8917889999999999,1,32.3851529665856,-0.161557,-0.697617,-0.698018,9.727746152816517,-0.309064,-0.0897509,-0.946797,7.6193785011013855,-0.444774,-0.10615,-0.88933,100.08276008065258,-0.0418096,-0.895435,0.443224,92.71289304473818,-0.214365,-0.901035,0.377072,d
85.32180437340962,26.410031392300766,32.97822799626979,10.956545507680984,18.231307148074173,9.585093286234548,57.86000206254179,78.11653081809088,60.97051334783404,78.13884868334527,9.99028084242852,22.688426994545196,40.48877998682158,5.727846238943468,0.5066124933435082,0.8655010257780837,0.9303892340485376,0.4534457003003637,0.4302873398043536,0.29593200000000003,-0.0387754,-0.954422,1,41.813789034229416,0.5844050000000001,-0.571063,-0.576504,31.36460279226535,0.306805,-0.549392,-0.7772,31.19441819136683,-0.06563619999999999,-0.432946,-0.899027,133.83353022590848,-0.455822,-0.647593,0.610615,131.5571245874868,-0.574218,-0.613663,0.541932,r
89.04487731924101,27.38771336386845,28.602654285824087,9.329007015537693,8.984077067165163,9.419173634022838,36.11472991346866,68.84082087692013,41.7982049416878,68.99684409104783,23.20679291617881,23.12612490118196,37.62267762460744,4.582778894152125,0.4978814430375008,0.8818672034112586,0.9489311044670424,0.5631424319898534,0.5057371674599708,0.28031500000000004,-0.255093,-0.925393,1,43.80446362711214,0.54752,-0.727488,-0.413502,14.147451173546195,0.330258,-0.4710220000000001,-0.817966,19.562168430897238,-0.0523562,-0.321162,-0.945576,102.81232139186476,-0.464599,-0.8233790000000001,0.325875,100.437453704189,-0.577271,-0.781596,0.236358,r
69.0881563358156,34.22819335134118,21.79355992479852,5.756978393799421,87.49087676619287,33.49540599442455,83.00858805607284,82.22693066051184,79.22339531146976,80.63986811331691,19.72700101050411,62.81743484407321,7.730493249106805,6.750569585804879,0.5488429594691726,0.9716676773862808,0.6789634433588438,0.393101860117136,0.37715722917582944,0.917609,0.354771,-0.179252,6,19.093072811260352,0.929532,0.336089,0.151704,34.90515732264302,0.97168,-0.0915275,0.217854,122.10934655484543,-0.228511,-0.478971,0.847567,162.35441321827568,-0.7587550000000001,-0.5382020000000001,0.366919,146.07039796482576,-0.54448,-0.7942899999999999,0.269529,p
72.80439244065217,34.498680914203106,29.12265008855953,10.82801594534962,87.89137511876629,57.064338318918026,93.40096117285931,55.45971923354361,91.51810528928371,54.955961810639394,23.741289483544485,74.43081591824475,3.971283722203333,8.721121044724013,0.585068880261861,0.9192270750863438,0.5346943967670539,0.518862684394816,0.4436133127050069,-0.17446099999999998,0.26164,-0.949267,1,44.03015164548773,0.323827,-0.296203,-0.8985540000000001,26.389748699323693,-0.029241500000000007,-0.169692,-0.985063,146.08256035530866,0.15805999999999998,-0.7542760000000001,0.6372479999999999,145.43924069513295,-0.0414125,-0.740173,0.67114,133.55967398553594,-0.353174,-0.725301,0.5909369999999999,d
85.50101135969115,16.21961377874475,4.3407722284186026,6.615569229719722,33.64974343319382,82.8255364398469,34.37062756073963,75.23619670852382,34.79781063988577,74.93541123445229,40.47714733038525,34.04913040127901,8.29062656436785,7.378090963362259,0.6622142253442631,0.94518068435052,0.5123408469547678,0.5204215509295044,0.4856516266962333,-0.009755,-0.29513,-0.955407,1,43.279123510468494,-0.152818,-0.8544870000000001,-0.496487,20.078392777874594,-0.340818,-0.191571,-0.920404,116.68094465593326,-0.670158,-0.425383,0.608225,107.32109596341938,-0.782071,-0.428916,0.4521020000000001,101.20865988388523,-0.8722780000000001,-0.365224,0.325181,d
83.30616677943816,9.716908279837028,25.42427410565649,6.999376335257264,62.95107273048458,48.45648319443267,60.910219119389545,48.869338480571564,59.5525966339636,49.10083255929217,38.06305923095713,64.9202226898782,4.092379847509831,5.351827639901677,0.6877004929112563,0.9553587122147836,0.6845904770818257,0.6668332080703414,0.6072155149091885,-0.35412,-0.228207,-0.906929,1,39.54465950010578,-0.11187,-0.785246,-0.6089939999999999,6.718973428470278,-0.30193400000000004,-0.332291,-0.8935420000000001,111.93756550031358,-0.00855018,-0.789343,0.613893,107.67159526587255,-0.123009,-0.801984,0.584543,102.33808506451359,-0.303106,-0.778353,0.549813,d
84.66889718572952,0.00188166317195368,25.22958281302139,6.660656529433907,41.62986506090125,84.51437192943793,38.84685445704297,85.21128518619952,38.402295336447104,85.59830933294904,36.19989780965781,46.52090124347639,6.517983408327756,9.325440315674003,0.6978473186988766,0.959578574186746,0.5136727623592682,0.490333531185025,0.4826287478923196,-0.310552,-0.136549,-0.940698,1,31.883726119481267,-0.254631,-0.6390060000000001,-0.725834,3.35595350908453,-0.270367,-0.178819,-0.946005,126.50928243807587,0.0800949,-0.7017720000000001,0.707885,121.80134892780931,-0.06256709999999999,-0.724842,0.686068,114.53732040696016,-0.207535,-0.756793,0.619833,d
84.68767445631363,19.671285930324586,32.3406618143543,9.616390487224637,16.29315219505408,11.17736475911979,74.7606064047503,80.36915522266837,76.2412295585939,80.34134882737203,11.674931685863244,21.288765269148623,57.20150098330257,3.0697274987527967,0.6019156521854745,0.873092537482257,0.916873197758908,0.4023476688443372,0.3735867381819412,-0.148516,0.142706,-0.978559,1,37.075939830321545,0.278164,-0.322916,-0.904627,28.753462234019608,0.053403699999999985,-0.310033,-0.949225,30.631485359748826,-0.31993,-0.347456,-0.8814299999999999,152.4968824222159,0.0235721,-0.5728840000000001,0.8192969999999999,143.7478960980974,-0.288535,-0.542833,0.78872,r
73.54842339002768,32.37127151904085,24.20515643240893,7.023977550618684,56.42798988445193,74.13085850735763,57.397856497468084,75.7886440943947,57.02471311338786,76.92038052545892,28.26386347232891,51.072870032390526,2.666699806759496,1.9560418124845227,0.5559038692036942,0.9569733203580224,0.5679847922777841,0.5025456258810275,0.4726363725441238,-0.01505,0.0900606,-0.995823,1,41.75880311803365,0.438923,-0.420999,-0.793792,13.490068538060994,0.0601303,-0.132393,-0.989372,131.31059586815286,0.0573666,-0.805984,0.589151,130.7793540493879,-0.0850527,-0.807159,0.584175,125.7371717136256,-0.312368,-0.795459,0.519299,d
67.21365891198263,31.65710703194183,20.758266787190983,11.085367441351874,80.7320829470022,47.45993803075185,78.77615075798778,47.4796688963846,75.91038852360867,47.03777959532884,43.51618870210289,88.95409977488329,4.606214815266405,7.5868264177700535,0.61030755310366,1.0,0.6748841387611607,0.6589196315477693,0.5885066850374461,-0.0346487,0.168549,-0.985084,1,40.957782900115035,0.330919,-0.412317,-0.848815,4.908494126797652,-0.0843555,0.099102,-0.991495,129.1702037190075,0.062563,-0.8693360000000001,0.490245,123.92659550363173,-0.063932,-0.908293,0.41342,115.96755502837892,-0.252603,-0.921263,0.295748,d
62.49628861673189,5.786651935607469,28.25879171996376,5.66243532432273,84.63298636882587,13.437934704111724,60.90797608292368,63.99020335012494,84.08133103917227,67.33573677714007,39.35787746733024,85.78790792665649,26.284912134310947,21.844411249113207,0.7778585319435899,0.9467755963136428,0.7631543676722674,0.5796366092961092,0.4365566492551445,0.8539680000000001,-0.358054,-0.377539,6,31.733668568484745,0.676399,-0.736123,-0.024652700000000003,8.798898707213965,0.92238,-0.283873,-0.26197800000000004,99.12962157033424,0.112529,-0.29044000000000003,0.950254,122.79281744388487,-0.307653,-0.201626,0.929891,139.35310722782984,-0.73107,-0.280422,0.622013,p
74.47281091726866,12.530330290981176,23.849139495394017,5.462311852936874,79.93995342439175,85.93601855091019,80.02164051082572,88.428875540643,76.8636321039763,89.92432918126339,17.948786485661362,70.17930907083564,2.81979598387923,10.974097856480007,0.5806876169554069,0.9397247351911836,0.3759175851371759,0.3582752999613595,0.3907859029679481,0.964222,-0.072703,-0.254931,6,24.014856371388007,0.942179,-0.326899,0.0737308,16.195340111999798,0.976714,-0.21422600000000006,-0.0116567,166.4584710894633,-0.912632,-0.111036,0.393414,163.01713157155496,-0.929518,-0.217413,0.297874,158.66713984940952,-0.8999450000000001,-0.28384000000000004,0.330957,p
70.24607741315225,41.31218389966022,3.8420092571759312,4.835314642418654,68.59461952715633,37.14057502479154,92.77656468846772,59.8107092312749,88.65580258274984,54.48801787476018,15.474000276188107,67.5218032912601,21.547016694746947,9.9396232416826,0.5767097173373658,1.0,0.7244206788513854,0.5032136648912889,0.4724962841084881,0.909563,-0.331274,-0.250904,6,11.443413966599774,0.934496,-0.35183200000000003,-0.0541466,19.56901874946435,0.725195,-0.607043,-0.324948,106.75417939981227,-0.297078,-0.541275,0.786617,148.91597123480375,-0.8780879999999999,-0.165705,0.448892,133.88652644068506,-0.81679,-0.436087,0.377732,p
87.44771416136057,22.75388299961773,44.36440173678036,14.926479851676431,35.86050578603447,14.386121465061116,77.66730049675542,83.04105567182658,78.9992618890633,83.27225932667787,7.705937397863128,12.850657128960895,38.98196013385532,3.5033009941998614,0.5560435871190015,0.8309837242543924,0.8799383296725064,0.3765313741685389,0.3451375591624249,0.248943,0.055798400000000005,-0.966909,1,44.3926830756048,0.696504,-0.417245,-0.583771,54.9942814197437,0.334583,-0.764312,-0.551255,51.80790516409014,0.11991,-0.748849,-0.651802,157.67237121566714,-0.346231,-0.409844,0.843891,146.26590045279838,-0.638863,-0.370516,0.674219,r
70.38801172173363,17.875267695466587,20.896936136470295,9.383760520015775,83.50411686589034,48.34548613770456,81.48732050957628,48.49004515269128,79.08342331441806,48.49736455269972,29.912602126204032,77.27485484166112,4.678298432845887,10.217645692217983,0.7123571368301275,1.0,0.6645355218067978,0.6491661128894692,0.5855397423144826,-0.376093,0.259912,-0.889382,1,37.59562628555753,-0.207447,-0.361784,-0.908889,16.526671530342902,-0.375436,-0.0251256,-0.926508,132.87071585379948,0.188224,-0.8845,0.426886,127.38152406125243,0.021542500000000003,-0.91335,0.406605,121.0531665036328,-0.12292,-0.924069,0.361921,d
81.30683045638061,7.605893701049785,23.28422738275337,8.977603996305357,64.97038654504253,45.03631729528404,61.644848253590546,44.93973854194103,60.42672560597534,44.845002752428826,40.76516182823264,69.85148262901535,5.385917015610063,9.219128554240928,0.6786712336432391,0.9618724923010822,0.6985229316012985,0.6871644052291679,0.6213036013131813,-0.347614,-0.244501,-0.905198,1,37.96277188520194,-0.14665799999999998,-0.7842819999999999,-0.602821,4.71573610161421,-0.335625,-0.323302,-0.8847780000000001,110.54124734847043,0.0372745,-0.805828,0.5909760000000001,104.66618994103918,-0.0707666,-0.842274,0.534384,98.07242302792574,-0.239117,-0.846532,0.475612,d
60.749906959163894,40.25118387678632,24.647965415657936,10.175041107816279,53.62458965403175,50.20892159167821,57.13050810868181,49.96051345083501,56.39448594124591,50.07425035063896,50.121567724284105,68.4034283793787,2.5425862907622463,2.7398066233711083,0.5041576319318064,0.8384059079799052,0.6060099808268598,0.5714713483953511,0.5125049378410002,-0.16164,0.0591466,-0.985076,1,40.92020848254614,0.157336,-0.5421229999999999,-0.8254379999999999,5.325746360835744,-0.22132,0.127972,-0.966768,104.83056584321044,-0.028516900000000005,-0.978181,0.205786,105.16506607435964,-0.115552,-0.967143,0.226455,100.27336769296828,-0.304593,-0.936304,0.174809,d
69.38084578105993,42.56107022304183,34.41071043135568,21.441230706200926,19.499613297105654,22.20310712030119,73.21110386277115,83.14528793368197,76.21342841258974,82.33356785528063,26.788577167270137,18.560726941516076,51.25894440613573,7.205798970260371,0.5223282642347926,0.8995438053802726,0.9371150472487884,0.4005891100701165,0.4069518284913277,-0.0711876,0.251809,-0.965155,1,36.73876749887692,0.320409,-0.239657,-0.916462,44.279282514675245,0.100192,-0.476432,-0.873484,43.83595637723324,-0.234869,-0.467754,-0.852081,153.85431219408594,-0.0793336,-0.63173,0.7711180000000001,151.0367799096781,-0.193257,-0.622538,0.758352,r
85.59234056364434,8.807622268262634,29.73209867227099,14.626461310997293,10.788739340653699,18.89941674415153,15.17470572954861,86.32121212178144,24.685225976392235,86.88175239473391,16.139437459503508,21.981344459686504,18.571916585596615,3.2392379932255286,0.5387086068595872,0.8742813396840396,0.9105586581572443,0.4940987167862287,0.4605814160532746,-0.00509844,-0.0509789,-0.998687,1,25.14559263617413,0.05885830000000001,-0.46577,-0.8829459999999999,24.358399315354124,0.0811941,-0.44935,-0.889658,31.890261005516447,-0.333342,-0.455992,-0.8252,99.20217705503326,-0.286231,-0.935017,0.209319,96.13433696886923,-0.424101,-0.892302,0.15471400000000002,r
70.86455298799048,42.68979312216579,12.990998938203855,4.986580124270938,64.99133384041575,41.87448807102372,91.88053908544356,58.767237378207405,88.65532476684162,54.49304857673722,22.41288119375988,68.63037290914454,24.25045464442192,9.4119818362714,0.5510614990361047,0.9926362090823084,0.7119438160423731,0.5125873950905331,0.472313606366204,0.846192,-0.43939,-0.30148800000000003,6,10.493418574721236,0.891575,-0.435462,-0.12436300000000003,10.685573545042768,0.733731,-0.5748310000000001,-0.362227,107.860840965194,-0.31087800000000004,-0.4682060000000001,0.827126,147.18077950890844,-0.840684,-0.07444169999999999,0.5363859999999999,133.8896573757331,-0.829741,-0.329338,0.450628,p
69.26304518826528,34.54504169360753,7.178798774624302,5.890886333449964,85.10864889389839,24.10457173496055,92.74383830327757,67.71429773603626,88.44636236303091,63.984180762059424,3.578528457331696,74.64794409369422,5.807902935898093,10.81487518865716,0.5559810861664491,0.925354787621932,0.6617477216074681,0.4188490932976116,0.4176866372141181,0.749366,0.400429,-0.527358,0,22.30821374145768,0.921729,0.34018200000000004,-0.186256,26.788103660400143,0.865491,-0.0471586,-0.498699,110.31874417792324,0.360654,-0.576484,0.733208,157.79408680274813,-0.458807,-0.635089,0.621416,145.3488877514972,-0.28705,-0.774122,0.564214,p
58.72051455269658,41.81827865875239,25.06937078854061,10.386757052655351,60.63845797054704,51.4402784660981,60.72303468912778,51.17514395675815,60.12297942873779,51.18025377121477,50.66819010332024,74.515415155704,3.8073792613467417,3.189216099316764,0.5087705675723345,0.8356555567058229,0.5811321978361451,0.5563916370717122,0.4965198021158653,-0.170456,0.0701672,-0.982864,1,40.89553761427313,0.154672,-0.530039,-0.8337479999999999,3.2944151743035945,-0.204215,0.115439,-0.972096,113.17128158488121,0.0384071,-0.944502,0.326252,109.94253947034586,-0.078955,-0.952943,0.292686,104.85346907091083,-0.274055,-0.930795,0.241896,d
69.17064824681903,34.21273508803309,2.383358493098495,6.374843490241562,82.65075597379891,12.066765337962062,92.99662639114588,67.41882303678385,88.19614178081163,63.881421010926076,6.8991026217675415,77.94106889455999,8.130318076602409,11.07623135633835,0.5553657462733903,0.9266331307065164,0.7087869187715693,0.4234372054346804,0.4190992815924752,0.781069,0.403961,-0.47618,6,21.3414413845552,0.927247,0.347003,-0.140723,22.945692895099693,0.8688790000000001,0.016411099999999998,-0.494752,95.81734866909893,0.540321,-0.485458,0.6873020000000001,157.76335298617576,-0.494304,-0.631717,0.597158,144.88330128746946,-0.31090500000000004,-0.774688,0.550633,p
68.96002379591667,38.312528878450905,10.553611311875482,5.610029464489397,78.13127358940723,15.148683438205195,93.02866870760971,73.83641699653192,87.92289363232821,69.35519803042692,7.665089963753209,64.8244267265175,12.569160123065652,11.074128976586454,0.5612785660549077,0.9696503905455393,0.7457092843432354,0.4061658514559165,0.4141717781899068,0.737859,0.498789,-0.454724,6,21.822940688767858,0.856547,0.507189,-0.0953238,29.725418939446648,0.93541,0.036699,-0.351655,94.30513943258362,0.59165,-0.375207,0.713561,163.66053382567776,-0.52172,-0.665636,0.5336069999999999,149.1322866085244,-0.30548200000000003,-0.8042630000000001,0.5097470000000001,p
88.4201356065152,11.346004787718778,25.221350248202363,8.573789777253694,65.81296841443272,50.97414654794157,66.72406118474396,50.821293812370214,67.10366559025428,51.86194108905818,33.25615510677109,70.51025295088205,1.6032317320617662,6.017657741337628,0.6309756032012097,0.955914133025955,0.6571290218592186,0.6363427803708515,0.569926326157384,-0.34211,-0.227831,-0.911622,1,35.148185080072885,-0.064568,-0.7177180000000001,-0.693334,5.599195138208438,-0.301257,-0.315765,-0.8997430000000001,117.61044064759459,0.0083972,-0.726739,0.686862,115.39367034823928,-0.111663,-0.714334,0.690839,112.31368263131112,-0.283137,-0.666775,0.689379,d
69.21858587724431,32.17284312082916,23.562816177769232,5.431019945932242,87.34186561934807,35.710908910930584,84.12723053558177,82.11711441976381,80.42733359332911,80.67922138191541,20.279011521517926,60.81068325398993,6.615708023618701,6.733474067900772,0.5516975779604107,0.9708086235852104,0.6719450389427283,0.39041670510799215,0.3712408181628537,0.918476,0.337615,-0.205956,6,18.851644902167354,0.943629,0.308742,0.119339,36.36963404212369,0.967564,-0.107907,0.228422,124.17036479083158,-0.253358,-0.452874,0.8548180000000001,163.35175994886384,-0.769402,-0.510142,0.384416,146.3848442698759,-0.556257,-0.7822399999999999,0.280496,p
68.92841193008316,37.33188790616602,9.63168671529459,6.245412434370151,79.62717170962897,17.560987865177154,93.08989379996288,74.44546223488264,88.51428147908335,70.45174740457327,6.734186816954257,67.36688097591711,11.565171217008395,11.034529687660614,0.5664674025280805,0.9713466174794484,0.7382721286703293,0.4004605554307681,0.41399016024251617,0.735946,0.448809,-0.506907,0,21.31507455122377,0.890798,0.420508,-0.1722,29.51494698229983,0.895659,-0.0308145,-0.443672,98.0898558980282,0.564534,-0.484537,0.668225,163.73825791955176,-0.5378310000000001,-0.648124,0.539141,151.21311435288308,-0.359971,-0.773776,0.5212399999999999,p
85.44240755779407,1.229976118747622,25.810799664419907,6.2994026869537985,41.84363052689814,57.640755283827716,40.76286042454709,58.00516134178622,42.497497423182025,57.95587570053606,34.335252209444825,42.69827882261399,3.2634148170280968,4.655960958429702,0.670475949560112,0.9560992491741132,0.6936647058388055,0.6666260961673698,0.6066762838992352,-0.317785,-0.13641099999999998,-0.938299,1,33.71994105988781,-0.217815,-0.662914,-0.7163109999999999,6.394891168615903,-0.258049,-0.230623,-0.938203,98.93406010924431,-0.08035319999999999,-0.940734,0.329489,96.80400708704741,-0.15925699999999998,-0.935241,0.316168,91.9514094283893,-0.31901,-0.90663,0.276141,d
83.9466856280618,13.860962422128866,29.813497494040604,14.5269999167295,11.187381590205867,18.69640460199876,19.292587361821152,85.81402646442059,28.2708625443594,86.24866756538414,16.120315417104894,21.719099837598602,19.19422474964348,3.1910945109063147,0.5715009902353186,0.8740350618922801,0.9107200878595859,0.4900074419627207,0.4542680973121933,0.00897159,-0.0371836,-0.999268,1,27.254823040673088,0.135327,-0.472592,-0.8708290000000001,25.385444252599353,0.1005,-0.451903,-0.886388,32.18588778466297,-0.307257,-0.460924,-0.832551,102.91954510058187,-0.26347,-0.930082,0.25599,100.75547566384432,-0.400635,-0.890343,0.216288,r
67.58620967859316,11.45570279563875,28.292256910934906,5.443302450627832,85.60032778742527,13.732958118551052,60.90792397366927,63.989124720105146,82.8899955804978,66.8911415893008,33.08140742060837,83.92741278158367,27.2959062832778,20.650782946346396,0.7321741388744212,0.9459915769573148,0.7590562201818464,0.5796382487264314,0.4378427748684456,0.854358,-0.334481,-0.397736,6,22.656220598189336,0.791641,-0.6000449999999999,-0.115111,10.897243238035731,0.934838,-0.258517,-0.243409,100.4301312013224,0.144947,-0.232214,0.961804,122.79240343183626,-0.259311,-0.173002,0.950172,138.17665685832796,-0.66945,-0.293496,0.68242,p
85.73877596365331,19.186916129476717,36.357564623806475,13.126208184537196,32.95144182551682,16.808006310991516,68.34042903023445,64.28764015852978,71.21209858103029,64.60671999709133,4.934959900213984,20.188003879759194,33.53088989533101,6.098867031705778,0.5329062938475643,0.8530843370273514,0.8825231336525143,0.5162555502826548,0.4672750413803566,0.2673,0.0122332,-0.963536,1,38.10085463768753,0.570941,-0.482229,-0.664441,40.09379768755039,0.34246,-0.618999,-0.706797,51.816917566431634,-0.00395144,-0.757959,-0.6522899999999999,130.50903106663066,-0.31365,-0.753682,0.57757,128.82015439720738,-0.462194,-0.7231890000000001,0.5132,r
74.23844876214073,14.617008346073606,22.95126463366048,6.857994467048961,80.03202232644274,87.81775376324026,80.58353695801821,87.70050306592589,77.81764402615364,87.11899654122844,13.737812952983667,65.88021672743852,2.9312755801136268,9.86901011734022,0.5813466243923202,0.9417460131557918,0.372316044862861,0.3591743423117218,0.3911723672743758,0.98345,-0.0148266,-0.180573,1,22.36551273911216,0.937065,-0.348988,0.0108276,22.04144338067368,0.938224,-0.345991,0.00505956,168.7265697210255,-0.944031,-0.135484,0.300748,165.50100539406694,-0.952738,-0.235417,0.192011,157.43919931025073,-0.917346,-0.36942,0.14834,p
76.17169866237441,32.34739412632448,27.208248876539265,13.635802724997392,84.12450333226148,65.32729788694763,90.72013118699164,62.580852989552895,88.80436237515158,61.867467505519954,22.307882138286534,72.21672796980512,4.7297572466377575,7.986746533981142,0.5721540088072907,0.9233631257147041,0.5368788876540657,0.5211705994061414,0.447959161890391,-0.133633,0.219158,-0.966495,1,44.30759115258792,0.321568,-0.374334,-0.8697520000000001,27.183916494587002,-0.0532432,-0.243924,-0.968332,150.48399631325674,0.0559025,-0.669296,0.7408899999999999,149.363161988683,-0.130945,-0.6299739999999999,0.765498,136.40030883611237,-0.440484,-0.59041,0.676305,d
76.2430523394128,12.32844114159873,23.484385529474288,4.280408220442652,77.80953755465235,89.55989610010036,78.60515924170637,88.90843692797634,76.24656035477342,87.81087681545428,12.47643075121431,63.991478853212996,2.899435150269563,10.395330975950797,0.5888674134926059,0.9412886536703272,0.3727775912666504,0.3614286978156308,0.3941210732008821,0.98551,-0.0744571,-0.1524,1,23.060035316556906,0.904531,-0.42594,0.0199725,18.935994652530304,0.929034,-0.369539,-0.018333900000000004,167.87302238361016,-0.974358,-0.13466199999999998,0.180256,163.72324874193114,-0.973848,-0.203666,0.100696,156.57927340248332,-0.941772,-0.32415700000000003,0.0893763,p
70.96339579814497,42.70763390541739,12.450121432429574,5.026657386205972,63.28438711441474,42.83604704177271,91.29356494661394,57.574617889139006,88.65545743935638,54.49159881029596,22.237159487660733,66.72938845323259,25.4175461119356,9.10084820542522,0.5559278574225489,0.9945971823407724,0.7133379223875543,0.519322714371548,0.4723376011765214,0.835656,-0.443423,-0.324122,6,10.108185663588081,0.885324,-0.438325,-0.15515199999999998,11.22257188035453,0.714755,-0.585789,-0.382068,107.08183327506313,-0.282117,-0.477477,0.8321209999999999,145.54236347342206,-0.8130149999999999,-0.0928239,0.574795,133.8892689342467,-0.819736,-0.325741,0.47109,p
83.1169027014937,24.56262193601126,31.271160922664052,11.151844687317393,17.339498422746182,11.859107505928213,70.35862780584739,86.2625432828995,70.3943886932337,86.44598601832514,13.608670650034366,22.308620835993985,52.90891337266492,8.78878407430112,0.5623886898931652,1.0,1.0,0.4226401815614076,0.4374669102940762,0.010016,0.183399,-0.982988,1,36.175506334041415,0.356441,-0.321006,-0.877442,27.329964671246053,0.130969,-0.272376,-0.953236,32.30798767470195,-0.270315,-0.292742,-0.917187,153.49703122220097,-0.208022,-0.5563670000000001,0.804477,149.22262200922944,-0.285451,-0.580097,0.762892,r
61.54228139200606,39.22187976276092,24.537259231855952,10.946742658400547,60.408816791901856,51.64651905916109,61.243332712187225,50.89886271653875,59.85563673148573,51.0857068077123,49.28789641202668,74.13241288923378,2.83626820144392,5.135441823899535,0.5179528481820951,0.8369572557065538,0.5813388946631503,0.5543721620473855,0.4958096394602815,-0.156602,0.058228,-0.985944,1,40.894036657442605,0.171988,-0.537188,-0.825741,3.2169473983307864,-0.200126,0.0920919,-0.975433,113.14796789976528,0.0278431,-0.940466,0.338747,110.16158530330549,-0.0838875,-0.948032,0.306918,104.28442891068748,-0.268068,-0.933617,0.237694,d
70.04825452972243,16.412302143975097,28.547690750783506,6.334938800739254,81.00430023040666,16.521763603818453,60.89759400333969,63.98180517725355,84.34231668059284,75.88401773554769,35.304680073442235,88.7581204055933,22.66954465093535,22.09674726400442,0.6983592622124952,0.9505254821060616,0.7664756513181581,0.5796481502845905,0.3974364570596477,0.8637549999999999,-0.273505,-0.423229,6,23.43194909217207,0.880869,-0.468535,-0.06741389999999997,5.4019033947649335,0.897575,-0.189168,-0.398213,98.57814801316457,0.139562,-0.409211,0.901703,122.7748839811796,-0.292186,-0.331585,0.8970389999999999,146.6080375105476,-0.811276,-0.292639,0.506156,p
94.02174100453449,18.146372707846748,46.59226487595443,13.818696373877804,40.686285114671776,12.986843975554926,75.93003117763872,85.24096341698306,75.16077785419344,85.33105560817525,20.868348072730665,7.2670782307389095,33.310408033590925,9.949804536826909,0.4877933189113878,0.8246114634841453,0.8716279154566554,0.3613695370654215,0.3807361150909094,0.243681,0.180969,-0.952822,1,36.1788800944611,0.645525,-0.234998,-0.726687,56.33610378451418,0.303317,-0.7073020000000001,-0.638532,54.19838075265787,0.16431500000000002,-0.691655,-0.703288,156.67428743411537,-0.40902,-0.498239,0.7645,152.74288578360262,-0.436163,-0.541721,0.71854,r
79.67554843597647,31.745027346947666,30.42005761085937,7.333664471551875,6.50210464305528,17.22140879980616,69.27812308896316,80.00481437599969,69.32826723775757,81.37195659594059,23.312205786657444,23.162686912101695,66.27426789367422,4.717605626809708,0.5648813946676673,0.9174919209951145,0.9643028457270008,0.427919859338874,0.4028287503114396,0.0464973,0.109057,-0.992947,1,44.655730093155135,0.54171,-0.406593,-0.735685,19.743680588146514,0.205318,-0.192985,-0.95948,24.42066409907947,-0.191239,-0.23843000000000006,-0.952144,146.2011038204242,-0.207908,-0.616441,0.7594569999999999,141.04083027713668,-0.408553,-0.58621,0.699601,r
75.424414497867,30.644477687713607,28.752926894105983,8.218666017848234,6.132661475329886,21.65115162820476,73.327020304719,82.76840956902028,73.20518693038818,83.80271697930948,21.25769564910632,22.296862710570625,69.86096467078767,6.517586651056727,0.5815526860013024,0.9201521179575928,0.9581287972630184,0.4139705683745499,0.4039198644590321,0.107322,0.08097280000000001,-0.990921,1,41.47125947568007,0.551234,-0.40487,-0.729535,23.160869367679755,0.256172,-0.285743,-0.923432,27.674194154650372,-0.08390650000000001,-0.353443,-0.931686,153.28711368318622,-0.18908,-0.509685,0.839327,148.32777220145857,-0.343891,-0.5246890000000001,0.7787430000000001,r
84.33281154770327,21.65433873220795,37.282416541277904,8.2694279873228,34.18393236157287,11.63793420273959,66.89047679697025,81.87648895732481,69.26380412737305,82.1667058459577,6.126866792197077,20.883272238363162,31.257847062238454,3.841910091338802,0.5398573738169471,0.8594058596759109,0.8932475024320188,0.4087668412928628,0.3915209034639792,0.271769,-0.036487,-0.961671,1,39.2812153708835,0.5695319999999999,-0.535458,-0.623633,36.42452762816009,0.333654,-0.609329,-0.719301,48.07047334664004,-0.027341000000000004,-0.737689,-0.6745869999999999,146.35548397591998,-0.39093,-0.497958,0.774088,142.6536410244874,-0.57767,-0.4507640000000001,0.680521,r
73.02203655818164,36.95184714359119,26.667480277794237,12.618807257922704,58.158502304575215,88.11396805280134,58.50001578120607,86.88233487316238,58.77429248057469,86.5678543016774,44.20844391426266,65.89843123055864,2.320461563038316,6.356253331179756,0.5512275670314186,0.8887787917333345,0.41580267707690494,0.3912451143428136,0.3969271109639866,-0.163205,0.0510786,-0.985269,1,46.99742281044832,0.295952,-0.564547,-0.770519,6.66187151878227,-0.106796,-0.0502226,-0.993012,146.73395184014186,0.0141077,-0.577364,0.816365,143.14806631897758,-0.0796183,-0.602546,0.794103,137.54664148427455,-0.229789,-0.614034,0.755089,d
76.30537676173891,30.15526075358955,25.64537629172245,9.826424968990686,51.79262875676292,70.41887277229628,49.355741356401396,68.64615616847644,49.08466024514789,68.63947047143043,41.25205871519936,57.06317708165858,4.681284322429288,7.227485506103848,0.5619021642730826,0.8925833279483298,0.5492957148793177,0.5310238955055802,0.4909893677336068,-0.160338,-0.00811659,-0.987029,1,45.07659810671341,0.199822,-0.6391789999999999,-0.742645,5.962185371701152,-0.120225,-0.104083,-0.987275,122.58470392664476,-0.13076300000000002,-0.8086909999999999,0.573515,115.87519030064777,-0.256981,-0.832548,0.490739,110.08971901282145,-0.406574,-0.810982,0.42072,d
82.4424430525272,22.45953805364454,30.051937676064014,4.323169586284,16.6205463246695,5.02149625967107,77.0125655639806,69.84931278849201,75.92826663503864,69.93527756409829,50.479614360900094,15.002813347120473,89.84880971796986,7.321123308659744,0.68419366086238,0.9550794572178422,1.0,0.4938013273011947,0.4666774826969554,-0.326036,-0.239766,-0.914447,1,44.95089671402109,0.14298,-0.768775,-0.6233310000000001,9.94502350308355,-0.262126,-0.0855624,-0.961233,16.647479285187508,-0.5184770000000001,-0.0319166,-0.8544959999999999,144.39019420229772,0.07975039999999999,-0.319205,0.944324,138.18642676465896,-0.107723,-0.32646,0.939053,d
69.00205385154679,35.349491105209545,0.476123270912671,6.419789853803831,78.36639888549769,8.836583645400928,93.19004105694557,62.44630590233861,88.54989663173494,58.818692715570535,6.453100262186072,75.77483730058493,12.414416900570574,10.97419212744731,0.5515775382097785,0.9298131803346216,0.7314777218937702,0.44543679346223175,0.4327406613489596,0.775482,0.4476020000000001,-0.445287,6,20.974027240982608,0.909191,0.401628,-0.109843,24.17125582297741,0.8622290000000001,0.0422778,-0.5047510000000001,88.25963643111336,0.646007,-0.412272,0.642423,153.14237336357172,-0.408378,-0.68171,0.6070409999999999,140.4071758197344,-0.21171,-0.808383,0.549268,p
69.86161881853494,15.339469219164052,28.26876743526331,5.491863485049577,81.57361378808872,13.971410735567328,60.89932782803781,63.98344334223783,85.55207301993353,75.3340121918452,33.16846374365149,86.83621705474415,23.16261832364473,23.31138422613265,0.6991145472299468,0.9498199605840412,0.7730838781825778,0.5796446769442618,0.3959947574075237,0.856368,-0.296144,-0.423005,6,20.634489791654808,0.8408889999999999,-0.521433,-0.144958,5.929829142105992,0.902094,-0.218558,-0.372101,96.5354142333465,0.161838,-0.421903,0.8920799999999999,122.77849611537823,-0.299881,-0.321803,0.898062,146.76272165956803,-0.825369,-0.270378,0.4956430000000001,p
77.18841713843402,20.894506178217206,26.170973705693914,7.979099944731817,72.33923926010641,53.031679511256144,74.72884028394832,53.02120702435556,74.13972103477286,53.06066670153994,39.6634988730184,75.97458026752125,0.4726286091814486,7.878579235637549,0.6955942147005666,0.9538658235201964,0.6198717280338606,0.5971558423524315,0.5435563200564919,-0.37695,-0.130878,-0.91694,1,41.439345246925576,-0.0206188,-0.705525,-0.708385,6.822465190544982,-0.308792,-0.22822,-0.923344,126.25709712385506,0.149323,-0.712759,0.68533,125.40006684879192,0.0231032,-0.6924520000000001,0.721094,120.43941651229888,-0.14679,-0.687681,0.711019,d
91.69151970131244,27.318469983151694,29.968152919736514,8.321023016381732,10.0340146223773,7.054427092766267,43.07149876238032,69.86109769216992,48.513896591500114,69.91761280501765,17.35004639008351,24.08347110893101,38.679183053797935,3.2545443730276844,0.5044321160065042,0.8773902567505504,0.94683272511858,0.5387451871107879,0.4873822515788493,0.232319,-0.14326,-0.962031,1,46.578146065668754,0.6685260000000001,-0.578903,-0.466845,19.381135260383786,0.327162,-0.440651,-0.835938,21.077097508168087,-0.08455119999999999,-0.324907,-0.941959,110.89556183191459,-0.306556,-0.8523790000000001,0.423644,110.23487613246552,-0.450773,-0.811646,0.371529,r
85.14082267632905,12.504118506957054,29.619373200606475,13.867246952757082,10.309665544377422,18.16443100255601,15.926041822351015,86.35872895692562,26.478681414947914,86.75444837638061,16.70473972117559,22.026141153907012,18.15412756543379,3.648485467813628,0.5572287031110942,0.8759214323370841,0.9133229448167566,0.4933468030477258,0.45724464637722,0.0175285,-0.0645741,-0.997759,1,26.9743340195772,0.133209,-0.4945810000000001,-0.8588620000000001,23.265874666515582,0.105443,-0.443178,-0.8902110000000001,30.65600486165402,-0.31091,-0.4471189999999999,-0.838701,99.79269716513173,-0.283559,-0.931991,0.225802,96.84930366899063,-0.418399,-0.892227,0.16992000000000002,r
71.36146236299405,37.933658242117254,4.376944893882151,10.621222585410381,58.16617078738629,47.469815565082605,55.04830273280178,48.0905847655324,56.209708674910296,48.11875577699394,35.433486294741456,61.131827340358754,5.523378989042324,10.013740716384287,0.6106861824989338,1.0,0.7616210281973991,0.7381700090771544,0.6490624967267508,-0.189035,-0.0281163,-0.981568,1,45.81341371410418,0.0609742,-0.710067,-0.701489,22.02927763420716,-0.542531,-0.0519327,-0.8384290000000001,105.91301710140304,-0.3838,-0.842781,0.377381,101.00246554762282,-0.476121,-0.8230379999999999,0.309704,97.22448027381685,-0.606484,-0.749147,0.266377,d
68.93483452324774,37.017023813427976,15.147286609487445,6.958954577902548,73.19644519152739,8.297067824796692,93.17512445201507,73.75336810947618,87.99657327633223,69.42703390965445,12.002003407126795,55.792199151514644,17.741164301205497,11.133923119513183,0.5669281278127973,0.9632251727265938,0.7842685077762329,0.4055434753862237,0.4134742112175359,0.759574,0.472569,-0.446907,6,21.05050544794584,0.887181,0.449229,-0.105376,33.29671006842827,0.96365,-0.0311284,-0.265347,82.39475831366883,0.730089,-0.324914,0.601166,163.7095018973306,-0.55299,-0.653449,0.5169199999999999,149.2715205638709,-0.346535,-0.802203,0.486193,p
80.8233963265269,38.85827800526464,23.49675917968192,12.950428421550866,80.38494329851274,49.68158172805541,79.57068792852144,48.947480296811285,80.12709299186419,48.3408767155299,53.03066958020107,99.43149971775757,3.38518516116746,7.905544497315883,0.6106343393933426,1.0,0.6747471149815499,0.6592708493907009,0.5836478098145297,0.326848,-0.022103,-0.944818,1,51.616488340609244,0.422761,-0.760312,-0.493151,13.688410153752349,0.199483,0.178483,-0.963509,131.04907993942982,-0.654299,-0.582445,0.482339,125.98947703282892,-0.761904,-0.531039,0.370809,121.57353844117023,-0.860833,-0.433514,0.26652,d
81.02313444407133,21.352408078390287,29.79231663281423,14.977355330808294,11.839474494285838,20.331664449740977,19.75931817997291,86.19481095292994,21.960245130232984,86.71049622908541,19.074991856239503,21.954101338601003,18.756010566421505,7.72037175222632,0.5419178255266976,0.8726989094476686,0.9046202307478663,0.4890228858546869,0.47556080235223097,-0.0184587,0.00113257,-0.999829,1,30.31948968502369,0.18694,-0.461265,-0.867345,25.003146182028328,0.0881989,-0.408403,-0.90853,34.36617640015293,-0.32354,-0.471886,-0.820149,103.72785337054844,-0.238266,-0.940904,0.240684,100.56364263914827,-0.407273,-0.8933530000000001,0.189866,r
79.79048934349426,30.821352943793755,31.601267449734785,11.525888466464796,5.82284651564074,21.915517400560827,66.53650481256258,82.9772357078606,66.96478575816914,84.44186642524085,20.746744022114825,22.685066209315337,61.8220204362407,3.6231687867541966,0.5645548992055986,0.911142599772724,0.9593844592515016,0.43176674264875003,0.4026102746428816,0.0823632,0.10323,-0.991242,1,43.6706890920601,0.540281,-0.420905,-0.728653,26.46978097217391,0.246884,-0.317334,-0.915613,29.176193772002954,-0.137724,-0.345486,-0.928263,146.49568922056724,-0.24468,-0.604745,0.7579020000000001,141.35563359124518,-0.45556,-0.560333,0.691731,r
70.36808990539755,41.671987856203366,4.218365072225817,4.885650746119267,68.74122147110266,37.950205152248,92.65563378592785,60.55214975568741,88.65565193039265,54.48715778341137,17.031929909534007,66.6633200727237,21.369516486495762,9.861533935583251,0.5698057324050252,1.0,0.7193204592546327,0.5015522929187199,0.472588618633421,0.897701,-0.350662,-0.266775,6,11.177688414135392,0.926545,-0.368635,-0.0749846,19.353239657157182,0.711527,-0.625413,-0.320294,107.66925348484449,-0.31389,-0.5348229999999999,0.7844979999999999,149.5113055415154,-0.879941,-0.140495,0.453833,133.8848999436688,-0.822089,-0.420079,0.384321,p
77.63444283484587,29.26615365461113,28.387686645605697,11.014608200859682,47.197647113585646,87.49445461034351,48.718817042961255,85.61721852885542,48.9237875286372,85.44455399243614,48.111067378333594,59.49647587566788,1.2196252601068909,7.322079675763893,0.5725975061325586,0.8912864304656036,0.4538502110262706,0.4252722131488551,0.4213960064845036,-0.13808299999999998,-0.0536274,-0.988968,1,45.391379238759654,0.245323,-0.661737,-0.708464,3.3327309057602457,-0.0806682,-0.0471699,-0.995624,135.05022615626208,-0.0692495,-0.645856,0.760312,132.11921098786578,-0.184963,-0.647699,0.739104,126.02201356831705,-0.323419,-0.662409,0.675733,d
85.0349623583899,11.89361255759326,29.797439108465284,14.22276131397892,10.437061331661523,18.042391459280914,13.420942905619494,86.22495302477905,24.774380585692906,86.72255563104864,16.603127885443474,22.257729976872053,17.848196636760765,3.1443656686115644,0.525413318757786,0.8743546462458711,0.9132860382745444,0.4986039322119369,0.4616420255994772,0.020921900000000004,-0.07650660000000001,-0.99685,1,26.579130154323593,0.112544,-0.504467,-0.8560639999999999,23.916105907437768,0.0988148,-0.46613,-0.87918,30.669668606211356,-0.319765,-0.4474,-0.8352149999999999,96.99780274831012,-0.307466,-0.93293,0.187364,94.18540166491691,-0.441892,-0.8872979999999999,0.13203900000000002,r
68.96669139548318,31.79019590355067,26.012299680350257,6.222021128427137,89.56341209952677,42.03719711959532,88.0492383391678,77.52962324761342,82.66508369108699,75.60041413329955,22.771912998054304,61.95454879185233,5.323423101178557,9.249338414726477,0.5628022272899811,0.9580874405506694,0.6326035358252564,0.4136042207289612,0.3946238323396844,0.962034,0.191909,-0.194068,6,19.46054515724521,0.983528,0.119694,0.135448,36.227963245145155,0.937322,-0.237472,0.255017,132.74142745268392,-0.46048,-0.46111,0.758508,162.74294973183686,-0.8384219999999999,-0.40924,0.35996100000000003,146.32529798571224,-0.670984,-0.68445,0.285147,p
46.390590458107575,19.1619997175938,18.287612922379697,5.4515608995739235,76.26919906795669,7.516892292170006,85.0742648967863,78.48405965938875,82.60898366680455,76.03857210721469,49.83807083612346,77.93544735707371,6.950786877817363,7.996533036527243,0.7782491551334729,1.0,0.8726219144666625,0.4355600792192327,0.4253786490342969,0.86256,0.267335,-0.429561,6,38.41944836403528,0.8326540000000001,-0.389081,-0.394085,5.953246341309012,0.902504,0.179312,-0.391578,84.63022919988936,0.580987,-0.32659,0.7455149999999999,159.32717011537918,-0.644999,-0.522237,0.5578930000000001,147.17308239538878,-0.514523,-0.709548,0.4814640000000001,p
75.8834670470293,29.224247407401986,26.397574894053985,9.724972585502943,47.289130318485796,87.24822983467092,47.14362779937665,86.66274461448765,48.469679402007706,86.16646843036276,42.516333400773185,53.75008464150404,2.0815827474122166,5.961367926525482,0.5756770218062649,0.8918852922951255,0.4506788998724636,0.419650015666872,0.4177701527737211,-0.137062,0.0116468,-0.990494,1,44.229057078925216,0.146091,-0.643683,-0.751218,5.113710247115182,-0.092114,-0.0653629,-0.993601,134.79771329258975,-0.144567,-0.675087,0.723435,131.6729312928043,-0.242081,-0.67516,0.696818,126.1532115720748,-0.388453,-0.6614180000000001,0.641584,d
68.55573516587577,17.478616541280182,28.573794314916228,5.435172761453714,78.90908694124748,15.606611375034888,60.891355116860964,63.97684560690054,86.00375793433274,70.32448755521372,35.62284691448492,87.06200907812912,20.638799415890613,23.70510811687768,0.7055257733173821,0.951773318955489,0.7736829454833632,0.5796519568615321,0.442048057102009,0.8566799999999999,-0.318902,-0.405464,6,21.37900902671397,0.844949,-0.525831,-0.097789,5.369193974581015,0.885815,-0.229904,-0.403083,95.59688975142308,0.163326,-0.401318,0.901259,122.76379807570221,-0.310517,-0.288666,0.905677,147.01287741229098,-0.766521,-0.203394,0.609161,p
68.8104984309023,35.301246893165775,24.270900324903174,5.660901386843285,88.33521253746477,40.974677379029664,86.752099269918,76.8982003656634,82.94441805748195,75.24844830762969,22.09812787077491,61.48307853928957,5.143340178184371,8.150529899671877,0.5498857973207281,0.9653997963940876,0.6415114216278729,0.4176122943004898,0.3979411048589886,0.905437,0.387381,-0.173549,6,19.951113962567632,0.908046,0.381544,0.172848,36.0790660980789,0.96222,-0.042189300000000006,0.268983,130.4431661611024,-0.352691,-0.494234,0.79457,160.5979493675695,-0.7208,-0.580183,0.379255,146.1231452398839,-0.515733,-0.797427,0.313255,p
76.87595663888467,40.246398936893065,63.666022466928176,21.18086240332632,60.68570482336885,21.56508742331201,77.30346809138506,86.75931511988381,76.06141904560336,87.17433085633623,37.783190298273546,9.306561367887195,13.868826305885909,9.255690287755508,0.5826333546591665,0.8074084634231713,0.8211676560227507,0.3658453083120707,0.3893252299005846,-0.0597429,0.389272,-0.919184,1,45.31206280784601,0.432333,-0.202115,-0.8787709999999999,84.43203290697689,0.0024624000000000004,-0.878489,-0.477755,83.4258403700325,-0.17314000000000002,-0.861132,-0.4779890000000001,160.56637636421144,-0.13717100000000002,-0.620607,0.772031,155.4213458927905,-0.219078,-0.648629,0.728893,r
65.68625546532604,35.02572939882349,21.06450509352333,8.597945291754906,49.83935653426995,59.080958614620286,55.46448737444628,59.03656260116908,54.814060832428595,58.44244898091609,47.26560232068492,63.00823973358647,5.024679251976896,1.441533388339736,0.5984548302295408,0.9245450663735232,0.6168530365965189,0.5646000820325292,0.5197792458360099,0.165234,-0.313022,-0.935262,1,41.440436360998895,0.376422,-0.799966,-0.467291,8.467947021811622,0.0413403,-0.240479,-0.969774,108.96340343916746,-0.20105,-0.7916810000000001,0.576905,112.17686484257048,-0.315658,-0.739011,0.595166,106.20621589869153,-0.492629,-0.739434,0.458861,d
95.58231301191236,21.876125600669237,34.18768549747898,68.61286253329715,24.297216951869586,70.56593336215553,89.84025306563628,77.34536279794163,87.55141320566004,77.27327499621208,41.309027546060356,3.4731787541170656,107.9999096182935,9.850014869154004,0.5447714166232798,0.7704720154980973,0.777960267391984,0.4388470077412263,0.4391902456512166,-0.033792199999999994,0.00752919,-0.9994,1,40.09241762451091,0.0580439,-0.632729,-0.772195,49.20828105256422,-0.422933,-0.637283,-0.644204,51.25318581794085,-0.544954,-0.5729770000000001,-0.612146,161.54127270785287,-0.284196,-0.0182192,0.958593,155.49452271215097,-0.3837,0.00192952,0.923456,r
68.9444238846143,36.493695524143156,9.457567970510095,5.591603547908308,78.85946067842707,27.6941071837828,93.13465877856359,75.30845906990986,88.30459812182067,71.84877394385025,6.0471677240996495,66.6836837915485,12.045337151600885,11.055697123820746,0.5714492492757852,0.9721763438825936,0.7021689856999367,0.3955857703552205,0.405542989371401,0.732646,0.436245,-0.522418,0,21.108708739729998,0.898315,0.391846,-0.198713,29.229343461516656,0.8742270000000001,-0.0465376,-0.483282,107.5565559949525,0.427741,-0.56267,0.707418,164.83027440176383,-0.552921,-0.62795,0.547683,152.0280298957539,-0.384101,-0.770849,0.508192,p
75.87495284356093,33.88050807152215,24.698577170778552,9.11373592971137,79.10768503071358,55.491351425252674,84.37277248258243,51.75418097765571,84.0251429321488,50.8602871820728,28.314062008278874,74.99466752463681,3.3149359882273823,5.894208646328024,0.5663707683705973,0.9350986466127508,0.5685752217502296,0.5485357422676608,0.4611075866026974,-0.184693,0.15925799999999998,-0.969807,1,43.82572571722929,0.184692,-0.479584,-0.8578389999999999,14.666146182962338,-0.172237,-0.0954914,-0.980416,135.49695550737843,-0.0751433,-0.779644,0.621698,133.20405080906284,-0.230107,-0.743755,0.627598,123.83587787923857,-0.517225,-0.640695,0.567441,d
69.14371189490284,32.37183372923441,22.52344663910993,5.096594041994374,88.10228832337502,19.797616677476505,92.55471375976211,74.34043539023575,88.70720787033665,71.28912735080867,19.85749773925356,62.776356153642034,3.7187841302613593,10.135432008937382,0.5543058478857866,0.971968340334468,0.7335164500360982,0.4195005388052652,0.4161856088862976,0.942191,0.302929,-0.14321199999999998,6,18.635333712265826,0.952927,0.247183,0.17558900000000002,34.79006977258494,0.95883,-0.160413,0.234334,109.00070427153796,-0.05678480000000001,-0.485808,0.8722190000000001,162.98675674445772,-0.803487,-0.524,0.282548,150.50168182529526,-0.655324,-0.694221,0.297671,p
76.32132602491826,14.96726158576828,23.00574911553141,4.6864060826062,78.04855291963057,88.65711535912999,78.24436541122472,89.03471250948549,75.44467651441711,89.24847224479983,10.605666290864203,62.82245444172965,3.5159522884955017,10.145345128365882,0.5849378632480025,0.9448460716744936,0.376419372696796,0.36361730110727225,0.3934345015553026,0.96795,-0.0386459,-0.248151,1,23.773381413824982,0.946356,-0.318721,0.0531753,20.842467665915688,0.942926,-0.330991,-0.0365296,167.54908504285504,-0.926067,-0.150239,0.346162,164.29569311783268,-0.928931,-0.228292,0.291497,157.15738709828256,-0.8955209999999999,-0.349783,0.27512600000000004,p
62.266179114786794,41.46116871205649,25.094792922438835,9.61830272841791,53.60442568438116,50.2175381645099,55.18078810601418,50.2614544944637,55.94402781023696,50.77070643369549,50.098511902594176,67.96951990225331,4.968651646913517,0.7759276294029699,0.5018350972484902,0.8376463778680655,0.6064645844318461,0.5723748683384592,0.5086389569891755,-0.177152,0.0673533,-0.981876,1,42.54853507085738,0.178616,-0.544011,-0.8198469999999999,4.789031385337942,-0.216694,0.13928800000000002,-0.966252,104.81787773287796,-0.059362,-0.977138,0.20415,103.50876338661492,-0.1555,-0.967461,0.199597,100.5120642484095,-0.338441,-0.92291,0.183564,d
85.16454475684355,12.138171994841974,29.170127098885725,14.058137737980564,9.192963638245097,18.599803635863488,12.612366880495578,86.32067429887138,23.86582129149117,86.95420109162347,18.617929126764565,21.91497579112644,18.956337177290173,3.3283885319343964,0.5287871759898208,0.8777872136082779,0.9144439729597841,0.4998544826154007,0.4643534322317197,0.00171904,-0.052388300000000006,-0.998625,1,26.76137690326611,0.100195,-0.485499,-0.868477,21.22061049978558,0.0833298,-0.400957,-0.912299,29.584249284898227,-0.336309,-0.405137,-0.850153,96.50113122459885,-0.308077,-0.937462,0.162028,93.567380661802,-0.443804,-0.889566,0.108211,r
82.32242516887338,40.33776427850931,54.27047061924944,17.561252178625086,50.84825740718889,20.86638629729494,86.37924478768917,82.48801791203219,87.0064344429615,82.4832350687922,20.512777771995662,12.089645662625186,32.6364964071214,8.316442465594339,0.6095267048635491,0.8550029410575609,0.8602854141618138,0.3748019055592098,0.3742470241803108,0.0667905,0.358126,-0.931281,1,52.810355922616175,0.5691930000000001,-0.35135500000000003,-0.74335,69.18309264182645,-0.0582053,-0.739822,-0.670281,72.99913000062516,-0.270111,-0.738791,-0.617437,163.27042567088978,-0.30590900000000004,-0.481933,0.8210719999999999,157.26829364086612,-0.427982,-0.433829,0.792858,r
88.89450471950589,14.605691697729347,29.62934439137549,12.517833617918232,8.920391993283777,14.438893639870921,63.221434129820004,82.32495752930079,64.42386517365097,82.36324480356106,18.061892949674686,21.244079160936217,55.225779619780866,6.8790120170801226,0.5751082720835431,0.8761466217576609,0.921587536668602,0.4136583816202724,0.41324754409479897,-0.106887,0.0214068,-0.994041,1,35.12154283954525,0.285111,-0.418101,-0.862498,22.927332782184948,0.0773479,-0.326928,-0.941878,26.02183297688317,-0.311569,-0.362599,-0.8783209999999999,143.20595326840515,-0.0198308,-0.60673,0.794661,139.24559774585705,-0.14593299999999998,-0.6282300000000001,0.764219,r
69.1279369867724,35.03370662456009,4.920444062267323,6.15167398221758,85.02530111320172,20.257359168282964,92.9892559265032,68.05161872374806,88.59402190202694,63.68107764400285,3.5113366366220204,76.77642878642206,6.039522911385218,10.902150441749999,0.5527964802247177,0.9274523036377832,0.6758458249225513,0.41861502419667457,0.4189961245828426,0.762667,0.4280310000000001,-0.484901,0,21.66981334507959,0.917489,0.369463,-0.147343,26.28180976815147,0.8717950000000001,-0.0133465,-0.489689,106.39492463835558,0.404096,-0.560766,0.7226670000000001,158.28763423506902,-0.4794,-0.6562939999999999,0.582627,145.19768200451412,-0.290356,-0.791084,0.538404,p
69.10182904354055,33.68469849711933,23.485098068941465,6.342676346765809,88.79244459174568,37.51944341531665,85.08306997851155,80.02857848275991,80.54179110520704,78.3540808250084,20.15272815190985,62.49412757254455,7.131980880568534,7.603881429812741,0.5590951887454291,0.9683622195064338,0.6583642753990483,0.4008366239573085,0.38073895816079983,0.937448,0.288338,-0.195068,6,19.886333675414097,0.960075,0.238662,0.14593299999999998,36.51020789907306,0.959597,-0.195255,0.202607,127.44416272865395,-0.323791,-0.522065,0.7890550000000001,162.31271162936233,-0.78768,-0.496816,0.364327,145.27649288818702,-0.589067,-0.770464,0.243693,p
78.29463491532104,31.5134856336206,30.401873899888464,6.817328190939425,7.832309028330465,15.744489466740045,69.93224629015425,83.36832207192361,69.25931960776246,84.52440071469098,22.52866345953577,24.725288061686012,66.84245823402058,5.84973073321713,0.574711445003986,0.9151712097910064,0.9629826410980022,0.4185742274398779,0.397188946595008,0.0609626,0.05472819999999999,-0.996639,1,44.105029481612064,0.51173,-0.475872,-0.715317,20.80026900956127,0.197677,-0.27476,-0.940973,24.10447960685628,-0.213553,-0.255362,-0.942966,150.2398598489167,-0.23109,-0.5093810000000001,0.828932,144.64860861587027,-0.403598,-0.500007,0.7662260000000001,r
68.3271257882332,43.20636921944158,40.869195858254685,23.011076626532716,35.570403354231026,26.830117174298223,84.25799684963759,86.95384421893169,85.93712059007599,87.48942651049788,29.28765670878357,9.537830546055797,46.41668888848488,8.03705317534767,0.5405527419454906,0.8769464127399457,0.8843270159541607,0.35623036081162435,0.37767902955611454,-0.172697,0.334923,-0.926284,1,37.038234053243066,0.250989,-0.13731,-0.958202,56.73257610483307,0.0763654,-0.57522,-0.814426,62.93770241243367,-0.093205,-0.68583,-0.721769,167.61138798953482,0.0473647,-0.499557,0.864985,163.94253980057854,-0.0502535,-0.493013,0.868569,r
90.20519170162108,13.810404534093928,30.008044358327922,12.366917688417642,8.850383465878584,14.226429363677079,62.03377138902691,80.85323596545192,63.15457434023323,80.84138726349812,17.340390480863267,20.71611867365168,53.24492093401693,5.277485582842601,0.5804774620350135,0.8754956874669396,0.9217357342912637,0.4254986843151596,0.4183151826702647,-0.127652,0.0386346,-0.991066,1,35.46910511395496,0.285114,-0.393831,-0.8738459999999999,23.51514487062029,0.0679278,-0.316097,-0.946292,25.93009644757697,-0.310051,-0.356392,-0.881393,140.6526343464258,0.0122886,-0.657837,0.7530600000000001,136.42496684499233,-0.15132,-0.672708,0.7242689999999999,r
58.73268005182721,35.25472918856549,28.88738155274934,9.905173718546981,46.33930089535703,71.48032019212218,47.02696923945885,71.56416099787602,54.03433987129834,73.42852567916873,53.24377813378904,65.177400435172,1.9872373881426408,3.9584003647956543,0.5961718874832538,0.9075614190583572,0.5426675010195785,0.5007318008552144,0.4435589701398958,-0.0110094,-0.226566,-0.973934,1,36.009613209021246,0.15021800000000002,-0.734926,-0.661301,9.007154673910735,-0.0509336,-0.07626310000000001,-0.995786,117.8256919697086,-0.041357,-0.754307,0.6552180000000001,116.553830772539,-0.116619,-0.761583,0.637488,119.95570433468208,-0.290161,-0.679349,0.6740109999999999,d
61.239563145325526,36.952322483958,22.76000709168584,9.737169764474366,60.41524222188874,57.07335700733623,65.61434893943073,57.38552012813346,68.54223534285373,55.98770405827518,44.24934166220562,67.5181148851277,3.5003249989701355,3.8624497957163353,0.5662471192240817,0.9087484413348612,0.5997734574972147,0.5470974298000516,0.4882471469795072,-0.0248483,-0.197978,-0.979891,1,39.25835843815944,0.253765,-0.714192,-0.652329,3.195846555684368,-0.0335116,-0.251602,-0.96725,117.99360628823082,-0.0108006,-0.772195,0.6352939999999999,120.58512418016899,-0.136259,-0.72963,0.67013,116.89154583679053,-0.35278200000000004,-0.70668,0.613309,d
